run_id,case_id,antibody_id,step,risk_score_soms,risk_score_osc,risk_score_conflict,risk_score_total,forecast_hazard_level,forecast_rule_id,alarm_on,y_event_any,first_alarm_step,first_event_step,lead_time,reservation_evaluated,reservation_status,reservation_reason_code,reservation_horizon,reservation_rule_id,fallback_stage,fallback_reason_code,fallback_score,stage,reason,score,explain
core7_04_1767776352,A_ALWAYS_ALLOW,antibody_A,0,0.0,0.0,,,NONE,core9_03_v1,False,0,,,,True,HOLD,REASON_MIN_STEPS_NOT_REACHED,5,core9_04_v1,HOLD,REASON_MIN_STEPS_NOT_REACHED,0.0,HOLD,REASON_MIN_STEPS_NOT_REACHED,,"단계가 보류 중이며, 최소 단계에 도달하지 못했기 때문에 이유가 있습니다."
core7_04_1767776352,A_ALWAYS_ALLOW,antibody_A,1,0.0,0.0,,,NONE,core9_03_v1,False,0,,,,True,HOLD,REASON_MIN_STEPS_NOT_REACHED,5,core9_04_v1,HOLD,REASON_MIN_STEPS_NOT_REACHED,0.0,HOLD,REASON_MIN_STEPS_NOT_REACHED,,"단계가 보류 중이며, 최소 단계에 도달하지 못했기 때문에 이유가 있습니다."
core7_04_1767776352,A_ALWAYS_ALLOW,antibody_A,2,0.0,0.0,,,NONE,core9_03_v1,False,0,,,,True,HOLD,REASON_MIN_STEPS_NOT_REACHED,5,core9_04_v1,HOLD,REASON_MIN_STEPS_NOT_REACHED,0.0,HOLD,REASON_MIN_STEPS_NOT_REACHED,,"단계가 보류 중이며, 최소 단계 수에 도달하지 못했기 때문에 결정이 내려지지 않았습니다."
core7_04_1767776352,A_ALWAYS_ALLOW,antibody_A,3,0.0,0.0,,,NONE,core9_03_v1,False,0,,,,True,HOLD,REASON_MIN_STEPS_NOT_REACHED,5,core9_04_v1,HOLD,REASON_MIN_STEPS_NOT_REACHED,0.0,HOLD,REASON_MIN_STEPS_NOT_REACHED,,"단계가 보류 중이며, 최소 단계 수에 도달하지 못했기 때문에 결정이 내려지지 않았습니다."
core7_04_1767776352,A_ALWAYS_ALLOW,antibody_A,4,0.006,0.0,,,NONE,core9_03_v1,False,0,,,,True,HOLD,REASON_MIN_STEPS_NOT_REACHED,5,core9_04_v1,HOLD,REASON_MIN_STEPS_NOT_REACHED,0.006,HOLD,REASON_MIN_STEPS_NOT_REACHED,,"단계가 보류 중이며, 최소 단계에 도달하지 못했기 때문에 이유가 있습니다."
core7_04_1767776352,A_ALWAYS_ALLOW,antibody_A,5,0.0115,0.0,,,NONE,core9_03_v1,False,0,,,,True,HOLD,REASON_MIN_STEPS_NOT_REACHED,5,core9_04_v1,HOLD,REASON_MIN_STEPS_NOT_REACHED,0.0115,HOLD,REASON_MIN_STEPS_NOT_REACHED,,"단계가 보류 중이며, 최소 단계 수에 도달하지 못했기 때문에 이유가 있습니다."
core7_04_1767776352,A_ALWAYS_ALLOW,antibody_A,6,0.023,0.0,,,NONE,core9_03_v1,False,0,,,,True,HOLD,REASON_MIN_STEPS_NOT_REACHED,5,core9_04_v1,HOLD,REASON_MIN_STEPS_NOT_REACHED,0.023,HOLD,REASON_MIN_STEPS_NOT_REACHED,,"단계가 보류 중이며, 최소 단계에 도달하지 못했기 때문에 이유가 있습니다."
core7_04_1767776352,A_ALWAYS_ALLOW,antibody_A,7,0.034,0.0,,,NONE,core9_03_v1,False,0,,,,True,HOLD,REASON_MIN_STEPS_NOT_REACHED,5,core9_04_v1,HOLD,REASON_MIN_STEPS_NOT_REACHED,0.034,HOLD,REASON_MIN_STEPS_NOT_REACHED,,"단계가 보류 중이며, 최소 단계에 도달하지 못했기 때문에 이유가 있습니다."
core7_04_1767776352,A_ALWAYS_ALLOW,antibody_A,8,0.0445,0.0,,,NONE,core9_03_v1,False,0,,,,True,HOLD,REASON_MIN_STEPS_NOT_REACHED,5,core9_04_v1,HOLD,REASON_MIN_STEPS_NOT_REACHED,0.0445,HOLD,REASON_MIN_STEPS_NOT_REACHED,,"단계가 보류 중이며, 최소 단계 수에 도달하지 못했기 때문에 결정이 내려지지 않았습니다."
core7_04_1767776352,A_ALWAYS_ALLOW,antibody_A,9,0.0545,0.0,0.0,0.02725,NONE,core9_03_v1,False,0,,,,True,HOLD,REASON_MIN_STEPS_NOT_REACHED,5,core9_04_v1,HOLD,REASON_MIN_STEPS_NOT_REACHED,0.0545,HOLD,REASON_MIN_STEPS_NOT_REACHED,0.02725,이 결정은 최소 단계에 도달하지 못했기 때문에 보류 상태로 유지됩니다.
core7_04_1767776352,A_ALWAYS_ALLOW,antibody_A,10,0.064,0.0,0.0,0.032,NONE,core9_03_v1,False,0,,,,True,NONE,REASON_WITHIN_BOUNDS,5,core9_04_v1,MONITOR,REASON_WITHIN_GOVERNANCE_BOUNDS,0.064,NONE,REASON_WITHIN_BOUNDS,0.032,"이 결정은 기준 내에 있으며, 점수는 0.032로 평가되었습니다."
core7_04_1767776352,A_ALWAYS_ALLOW,antibody_A,11,0.073,0.0,0.0,0.0365,NONE,core9_03_v1,False,0,,,,True,NONE,REASON_WITHIN_BOUNDS,5,core9_04_v1,MONITOR,REASON_WITHIN_GOVERNANCE_BOUNDS,0.073,NONE,REASON_WITHIN_BOUNDS,0.0365,"이 결정은 기준 내에 있으며, 점수는 0.036으로 나타났습니다."
core7_04_1767776352,A_ALWAYS_ALLOW,antibody_A,12,0.0815,0.0,0.0,0.04075,NONE,core9_03_v1,False,0,,,,True,NONE,REASON_WITHIN_BOUNDS,5,core9_04_v1,MONITOR,REASON_WITHIN_GOVERNANCE_BOUNDS,0.0815,NONE,REASON_WITHIN_BOUNDS,0.04075,"이 결정은 기준 내에서 이루어졌으며, 점수는 0.041로 평가되었습니다."
core7_04_1767776352,A_ALWAYS_ALLOW,antibody_A,13,0.0895,0.0,0.0,0.04475,NONE,core9_03_v1,False,0,,,,True,NONE,REASON_WITHIN_BOUNDS,5,core9_04_v1,MONITOR,REASON_WITHIN_GOVERNANCE_BOUNDS,0.0895,NONE,REASON_WITHIN_BOUNDS,0.04475,"이 결정은 기준 내에 있으며, 점수는 0.045로 평가되었습니다."
core7_04_1767776352,A_ALWAYS_ALLOW,antibody_A,14,0.091,0.0,0.0,0.0455,NONE,core9_03_v1,False,0,,,,True,NONE,REASON_WITHIN_BOUNDS,5,core9_04_v1,MONITOR,REASON_WITHIN_GOVERNANCE_BOUNDS,0.091,NONE,REASON_WITHIN_BOUNDS,0.0455,"이 결정은 기준 내에 있으며, 점수는 0.045로 평가되었습니다."
core7_04_1767776352,A_ALWAYS_ALLOW,antibody_A,15,0.0925,0.0,0.0,0.04625,NONE,core9_03_v1,False,0,,,,True,NONE,REASON_WITHIN_BOUNDS,5,core9_04_v1,MONITOR,REASON_WITHIN_GOVERNANCE_BOUNDS,0.0925,NONE,REASON_WITHIN_BOUNDS,0.04625,"이 결정은 기준 내에 있으며, 점수는 0.046입니다."
core7_04_1767776352,A_ALWAYS_ALLOW,antibody_A,16,0.094,0.0,0.0,0.047,NONE,core9_03_v1,False,0,,,,True,NONE,REASON_WITHIN_BOUNDS,5,core9_04_v1,MONITOR,REASON_WITHIN_GOVERNANCE_BOUNDS,0.094,NONE,REASON_WITHIN_BOUNDS,0.047,"이 결정은 기준 내에 있으며, 점수는 0.047로 평가되었습니다."
core7_04_1767776352,A_ALWAYS_ALLOW,antibody_A,17,0.0955,0.0,0.0,0.04775,NONE,core9_03_v1,False,0,,,,True,NONE,REASON_WITHIN_BOUNDS,5,core9_04_v1,MONITOR,REASON_WITHIN_GOVERNANCE_BOUNDS,0.0955,NONE,REASON_WITHIN_BOUNDS,0.04775,"이 결정은 기준 내에 있으며, 점수는 0.048로 나타났습니다."
core7_04_1767776352,A_ALWAYS_ALLOW,antibody_A,18,0.0969999999999999,0.0,0.0,0.0484999999999999,NONE,core9_03_v1,False,0,,,,True,NONE,REASON_WITHIN_BOUNDS,5,core9_04_v1,MONITOR,REASON_WITHIN_GOVERNANCE_BOUNDS,0.0969999999999999,NONE,REASON_WITHIN_BOUNDS,0.0484999999999999,"이 결정은 기준 내에 있으며, 점수는 0.048로 나타났습니다."
core7_04_1767776352,A_ALWAYS_ALLOW,antibody_A,19,0.0984999999999999,0.0,0.0,0.0492499999999999,NONE,core9_03_v1,False,0,,,,True,NONE,REASON_WITHIN_BOUNDS,5,core9_04_v1,MONITOR,REASON_WITHIN_GOVERNANCE_BOUNDS,0.0984999999999999,NONE,REASON_WITHIN_BOUNDS,0.0492499999999999,"이 결정은 기준 내에 있으며, 점수는 0.049로 나타났습니다."
core7_04_1767776352,A_ALWAYS_ALLOW,antibody_A,20,0.1,0.0,0.0,0.05,NONE,core9_03_v1,False,0,,,,True,NONE,REASON_WITHIN_BOUNDS,5,core9_04_v1,MONITOR,REASON_WITHIN_GOVERNANCE_BOUNDS,0.1,NONE,REASON_WITHIN_BOUNDS,0.05,"이 결정은 기준 내에 있으며, 점수는 0.05로 설정되었습니다."
core7_04_1767776352,A_ALWAYS_ALLOW,antibody_A,21,0.1015,0.0,0.0,0.05075,NONE,core9_03_v1,False,0,,,,True,NONE,REASON_WITHIN_BOUNDS,5,core9_04_v1,MONITOR,REASON_WITHIN_GOVERNANCE_BOUNDS,0.1015,NONE,REASON_WITHIN_BOUNDS,0.05075,"이 결정은 기준 내에 있으며, 점수는 0.051로 나타났습니다."
core7_04_1767776352,A_ALWAYS_ALLOW,antibody_A,22,0.103,0.0,0.0,0.0515,NONE,core9_03_v1,False,0,,,,True,NONE,REASON_WITHIN_BOUNDS,5,core9_04_v1,MONITOR,REASON_WITHIN_GOVERNANCE_BOUNDS,0.103,NONE,REASON_WITHIN_BOUNDS,0.0515,"이 결정은 기준 내에 있으며, 점수는 0.051로 나타났습니다."
core7_04_1767776352,A_ALWAYS_ALLOW,antibody_A,23,0.111,0.0,0.0,0.0555,NONE,core9_03_v1,False,0,,,,True,NONE,REASON_WITHIN_BOUNDS,5,core9_04_v1,MONITOR,REASON_WITHIN_GOVERNANCE_BOUNDS,0.111,NONE,REASON_WITHIN_BOUNDS,0.0555,"이 결정은 기준 내에 있으며, 점수는 0.056로 나타났습니다."
core7_04_1767776352,A_ALWAYS_ALLOW,antibody_A,24,0.119,0.0,0.0,0.0595,NONE,core9_03_v1,False,0,,,,True,NONE,REASON_WITHIN_BOUNDS,5,core9_04_v1,MONITOR,REASON_WITHIN_GOVERNANCE_BOUNDS,0.119,NONE,REASON_WITHIN_BOUNDS,0.0595,"이 결정은 기준 내에 있으며, 점수는 0.059로 나타났습니다."
core7_04_1767776352,A_ALWAYS_ALLOW,antibody_A,25,0.1335,0.0,0.0,0.06675,NONE,core9_03_v1,False,0,,,,True,NONE,REASON_WITHIN_BOUNDS,5,core9_04_v1,MONITOR,REASON_WITHIN_GOVERNANCE_BOUNDS,0.1335,NONE,REASON_WITHIN_BOUNDS,0.06675,"이 결정은 기준 내에 있으며, 점수는 0.067로 평가되었습니다."
core7_04_1767776352,A_ALWAYS_ALLOW,antibody_A,26,0.148,0.0,0.0,0.074,NONE,core9_03_v1,False,0,,,,True,NONE,REASON_WITHIN_BOUNDS,5,core9_04_v1,MONITOR,REASON_WITHIN_GOVERNANCE_BOUNDS,0.148,NONE,REASON_WITHIN_BOUNDS,0.074,"이 결정은 기준 내에 있으며, 점수는 0.074로 평가되었습니다."
core7_04_1767776352,A_ALWAYS_ALLOW,antibody_A,27,0.1625,0.0,0.0,0.08125,NONE,core9_03_v1,False,0,,,,True,NONE,REASON_WITHIN_BOUNDS,5,core9_04_v1,MONITOR,REASON_WITHIN_GOVERNANCE_BOUNDS,0.1625,NONE,REASON_WITHIN_BOUNDS,0.08125,"이 결정은 기준 내에 있으며, 점수는 0.081로 평가되었습니다."
core7_04_1767776352,A_ALWAYS_ALLOW,antibody_A,28,0.177,0.0,0.0,0.0885,NONE,core9_03_v1,False,0,,,,True,NONE,REASON_WITHIN_BOUNDS,5,core9_04_v1,MONITOR,REASON_WITHIN_GOVERNANCE_BOUNDS,0.177,NONE,REASON_WITHIN_BOUNDS,0.0885,"이 결정은 기준 내에 있으며, 점수는 0.088로 나타났습니다."
core7_04_1767776352,A_ALWAYS_ALLOW,antibody_A,29,0.1914999999999999,0.0,0.0,0.0957499999999999,NONE,core9_03_v1,False,0,,,,True,NONE,REASON_WITHIN_BOUNDS,5,core9_04_v1,MONITOR,REASON_WITHIN_GOVERNANCE_BOUNDS,0.1914999999999999,NONE,REASON_WITHIN_BOUNDS,0.0957499999999999,"이 결정은 기준 내에 있으며, 점수는 0.096으로 평가되었습니다."
core7_04_1767776352,A_ALWAYS_ALLOW,antibody_B,0,0.0,0.0,,,NONE,core9_03_v1,False,0,,,,True,HOLD,REASON_MIN_STEPS_NOT_REACHED,5,core9_04_v1,HOLD,REASON_MIN_STEPS_NOT_REACHED,0.0,HOLD,REASON_MIN_STEPS_NOT_REACHED,,"단계가 보류 중이며, 최소 단계 수에 도달하지 못했기 때문에 결정이 내려지지 않았습니다."
core7_04_1767776352,A_ALWAYS_ALLOW,antibody_B,1,0.006,0.0,,,NONE,core9_03_v1,False,0,,,,True,HOLD,REASON_MIN_STEPS_NOT_REACHED,5,core9_04_v1,HOLD,REASON_MIN_STEPS_NOT_REACHED,0.006,HOLD,REASON_MIN_STEPS_NOT_REACHED,,"단계가 보류 중이며, 최소 단계에 도달하지 못했기 때문에 결정이 내려지지 않았습니다."
core7_04_1767776352,A_ALWAYS_ALLOW,antibody_B,2,0.018,0.0,,,NONE,core9_03_v1,False,0,,,,True,HOLD,REASON_MIN_STEPS_NOT_REACHED,5,core9_04_v1,HOLD,REASON_MIN_STEPS_NOT_REACHED,0.018,HOLD,REASON_MIN_STEPS_NOT_REACHED,,"단계가 보류 중이며, 최소 단계 수에 도달하지 못했기 때문에 결정이 내려지지 않았습니다."
core7_04_1767776352,A_ALWAYS_ALLOW,antibody_B,3,0.0295,0.0,,,NONE,core9_03_v1,False,0,,,,True,HOLD,REASON_MIN_STEPS_NOT_REACHED,5,core9_04_v1,HOLD,REASON_MIN_STEPS_NOT_REACHED,0.0295,HOLD,REASON_MIN_STEPS_NOT_REACHED,,"단계가 보류 중이며, 최소 단계에 도달하지 못했기 때문에 결정이 내려지지 않았습니다."
core7_04_1767776352,A_ALWAYS_ALLOW,antibody_B,4,0.0469999999999999,0.0,,,NONE,core9_03_v1,False,0,,,,True,HOLD,REASON_MIN_STEPS_NOT_REACHED,5,core9_04_v1,HOLD,REASON_MIN_STEPS_NOT_REACHED,0.0469999999999999,HOLD,REASON_MIN_STEPS_NOT_REACHED,,"단계가 보류 중이며, 최소 단계 수에 도달하지 못했기 때문에 결정이 내려지지 않았습니다."
core7_04_1767776352,A_ALWAYS_ALLOW,antibody_B,5,0.064,0.0,,,NONE,core9_03_v1,False,0,,,,True,HOLD,REASON_MIN_STEPS_NOT_REACHED,5,core9_04_v1,HOLD,REASON_MIN_STEPS_NOT_REACHED,0.064,HOLD,REASON_MIN_STEPS_NOT_REACHED,,"단계가 보류 중이며, 최소 단계에 도달하지 못했기 때문에 이유가 있습니다."
core7_04_1767776352,A_ALWAYS_ALLOW,antibody_B,6,0.0804999999999999,0.0,,,NONE,core9_03_v1,False,0,,,,True,HOLD,REASON_MIN_STEPS_NOT_REACHED,5,core9_04_v1,HOLD,REASON_MIN_STEPS_NOT_REACHED,0.0804999999999999,HOLD,REASON_MIN_STEPS_NOT_REACHED,,"단계가 보류 중이며, 최소 단계에 도달하지 못했기 때문에 이유가 있습니다."
core7_04_1767776352,A_ALWAYS_ALLOW,antibody_B,7,0.0965,0.0,,,NONE,core9_03_v1,False,0,,,,True,HOLD,REASON_MIN_STEPS_NOT_REACHED,5,core9_04_v1,HOLD,REASON_MIN_STEPS_NOT_REACHED,0.0965,HOLD,REASON_MIN_STEPS_NOT_REACHED,,"단계가 보류 중이며, 최소 단계에 도달하지 못했기 때문에 결정이 내려지지 않았습니다."
core7_04_1767776352,A_ALWAYS_ALLOW,antibody_B,8,0.1119999999999999,0.0,,,NONE,core9_03_v1,False,0,,,,True,HOLD,REASON_MIN_STEPS_NOT_REACHED,5,core9_04_v1,HOLD,REASON_MIN_STEPS_NOT_REACHED,0.1119999999999999,HOLD,REASON_MIN_STEPS_NOT_REACHED,,"단계가 보류 중이며, 최소 단계에 도달하지 못했기 때문에 이유가 있습니다."
core7_04_1767776352,A_ALWAYS_ALLOW,antibody_B,9,0.127,0.0,0.0,0.0635,NONE,core9_03_v1,False,0,,,,True,HOLD,REASON_MIN_STEPS_NOT_REACHED,5,core9_04_v1,HOLD,REASON_MIN_STEPS_NOT_REACHED,0.127,HOLD,REASON_MIN_STEPS_NOT_REACHED,0.0635,이 결정은 최소 단계에 도달하지 못했기 때문에 보류 상태로 유지됩니다.
core7_04_1767776352,A_ALWAYS_ALLOW,antibody_B,10,0.1415,0.0,0.0,0.07075,NONE,core9_03_v1,False,0,,,,True,NONE,REASON_WITHIN_BOUNDS,5,core9_04_v1,MONITOR,REASON_WITHIN_GOVERNANCE_BOUNDS,0.1415,NONE,REASON_WITHIN_BOUNDS,0.07075,"이 결정은 기준 내에 있으며, 점수는 0.071로 평가되었습니다."
core7_04_1767776352,A_ALWAYS_ALLOW,antibody_B,11,0.1495,0.0,0.0,0.07475,NONE,core9_03_v1,False,0,,,,True,NONE,REASON_WITHIN_BOUNDS,5,core9_04_v1,MONITOR,REASON_WITHIN_GOVERNANCE_BOUNDS,0.1495,NONE,REASON_WITHIN_BOUNDS,0.07475,"이 결정은 기준 내에 있으며, 점수는 0.075로 평가되었습니다."
core7_04_1767776352,A_ALWAYS_ALLOW,antibody_B,12,0.151,0.0,0.0,0.0755,NONE,core9_03_v1,False,0,,,,True,NONE,REASON_WITHIN_BOUNDS,5,core9_04_v1,MONITOR,REASON_WITHIN_GOVERNANCE_BOUNDS,0.151,NONE,REASON_WITHIN_BOUNDS,0.0755,"이 결정은 기준 내에 있으며, 점수는 0.075로 평가되었습니다."
core7_04_1767776352,A_ALWAYS_ALLOW,antibody_B,13,0.1525,0.0,0.0,0.07625,NONE,core9_03_v1,False,0,,,,True,NONE,REASON_WITHIN_BOUNDS,5,core9_04_v1,MONITOR,REASON_WITHIN_GOVERNANCE_BOUNDS,0.1525,NONE,REASON_WITHIN_BOUNDS,0.07625,"이 결정은 기준 내에 있으며, 점수는 0.076로 평가되었습니다."
core7_04_1767776352,A_ALWAYS_ALLOW,antibody_B,14,0.154,0.0,0.0,0.077,NONE,core9_03_v1,False,0,,,,True,NONE,REASON_WITHIN_BOUNDS,5,core9_04_v1,MONITOR,REASON_WITHIN_GOVERNANCE_BOUNDS,0.154,NONE,REASON_WITHIN_BOUNDS,0.077,"이 결정은 기준 내에 있으며, 점수는 0.077로 평가되었습니다."
core7_04_1767776352,A_ALWAYS_ALLOW,antibody_B,15,0.1555,0.0,0.0,0.07775,NONE,core9_03_v1,False,0,,,,True,NONE,REASON_WITHIN_BOUNDS,5,core9_04_v1,MONITOR,REASON_WITHIN_GOVERNANCE_BOUNDS,0.1555,NONE,REASON_WITHIN_BOUNDS,0.07775,"이 결정은 기준 내에 있으며, 점수는 0.078로 평가되었습니다."
core7_04_1767776352,A_ALWAYS_ALLOW,antibody_B,16,0.157,0.0,0.0,0.0785,NONE,core9_03_v1,False,0,,,,True,NONE,REASON_WITHIN_BOUNDS,5,core9_04_v1,MONITOR,REASON_WITHIN_GOVERNANCE_BOUNDS,0.157,NONE,REASON_WITHIN_BOUNDS,0.0785,"이 결정은 기준 내에 있으며, 점수는 0.079로 평가되었습니다."
core7_04_1767776352,A_ALWAYS_ALLOW,antibody_B,17,0.165,0.0,0.0,0.0825,NONE,core9_03_v1,False,0,,,,True,NONE,REASON_WITHIN_BOUNDS,5,core9_04_v1,MONITOR,REASON_WITHIN_GOVERNANCE_BOUNDS,0.165,NONE,REASON_WITHIN_BOUNDS,0.0825,"이 결정은 기준 내에 있으며, 점수는 0.083입니다."
core7_04_1767776352,A_ALWAYS_ALLOW,antibody_B,18,0.173,0.0,0.0,0.0865,NONE,core9_03_v1,False,0,,,,True,NONE,REASON_WITHIN_BOUNDS,5,core9_04_v1,MONITOR,REASON_WITHIN_GOVERNANCE_BOUNDS,0.173,NONE,REASON_WITHIN_BOUNDS,0.0865,"이 결정은 기준 내에 있으며, 점수는 0.086입니다."
core7_04_1767776352,A_ALWAYS_ALLOW,antibody_B,19,0.181,0.0,0.0,0.0905,NONE,core9_03_v1,False,0,,,,True,NONE,REASON_WITHIN_BOUNDS,5,core9_04_v1,MONITOR,REASON_WITHIN_GOVERNANCE_BOUNDS,0.181,NONE,REASON_WITHIN_BOUNDS,0.0905,"이 결정은 기준 내에 있으며, 점수는 0.09로 평가되었습니다."
core7_04_1767776352,A_ALWAYS_ALLOW,antibody_B,20,0.1889999999999999,0.0,0.0,0.0944999999999999,NONE,core9_03_v1,False,0,,,,True,NONE,REASON_WITHIN_BOUNDS,5,core9_04_v1,MONITOR,REASON_WITHIN_GOVERNANCE_BOUNDS,0.1889999999999999,NONE,REASON_WITHIN_BOUNDS,0.0944999999999999,"이 결정은 기준 내에 있으며, 점수는 0.094로 나타났습니다."
core7_04_1767776352,A_ALWAYS_ALLOW,antibody_B,21,0.1969999999999999,0.0,0.0,0.0984999999999999,NONE,core9_03_v1,False,0,,,,True,NONE,REASON_WITHIN_BOUNDS,5,core9_04_v1,MONITOR,REASON_WITHIN_GOVERNANCE_BOUNDS,0.1969999999999999,NONE,REASON_WITHIN_BOUNDS,0.0984999999999999,"이 결정은 기준 내에 있으며, 점수는 0.098로 나타났습니다."
core7_04_1767776352,A_ALWAYS_ALLOW,antibody_B,22,0.205,0.0,0.0,0.1025,NONE,core9_03_v1,False,0,,,,True,NONE,REASON_WITHIN_BOUNDS,5,core9_04_v1,MONITOR,REASON_WITHIN_GOVERNANCE_BOUNDS,0.205,NONE,REASON_WITHIN_BOUNDS,0.1025,"이 결정은 기준 내에 있으며, 점수는 0.102로 평가되었습니다."
core7_04_1767776352,A_ALWAYS_ALLOW,antibody_B,23,0.213,0.0,0.0,0.1065,NONE,core9_03_v1,False,0,,,,True,NONE,REASON_WITHIN_BOUNDS,5,core9_04_v1,MONITOR,REASON_WITHIN_GOVERNANCE_BOUNDS,0.213,NONE,REASON_WITHIN_BOUNDS,0.1065,"이 결정은 기준 내에 있으며, 점수는 0.106입니다."
core7_04_1767776352,A_ALWAYS_ALLOW,antibody_B,24,0.2145,0.0,0.0,0.10725,NONE,core9_03_v1,False,0,,,,True,NONE,REASON_WITHIN_BOUNDS,5,core9_04_v1,MONITOR,REASON_WITHIN_GOVERNANCE_BOUNDS,0.2145,NONE,REASON_WITHIN_BOUNDS,0.10725,"이 결정은 기준 내에 있으며, 점수는 0.107로 평가되었습니다."
core7_04_1767776352,A_ALWAYS_ALLOW,antibody_B,25,0.216,0.0,0.0,0.108,NONE,core9_03_v1,False,0,,,,True,NONE,REASON_WITHIN_BOUNDS,5,core9_04_v1,MONITOR,REASON_WITHIN_GOVERNANCE_BOUNDS,0.216,NONE,REASON_WITHIN_BOUNDS,0.108,"이 결정은 기준 내에 있으며, 점수는 0.108로 평가되었습니다."
core7_04_1767776352,A_ALWAYS_ALLOW,antibody_B,26,0.2239999999999999,0.0,0.0,0.1119999999999999,NONE,core9_03_v1,False,0,,,,True,NONE,REASON_WITHIN_BOUNDS,5,core9_04_v1,MONITOR,REASON_WITHIN_GOVERNANCE_BOUNDS,0.2239999999999999,NONE,REASON_WITHIN_BOUNDS,0.1119999999999999,"이 결정은 기준 내에서 이루어졌으며, 점수는 0.112입니다."
core7_04_1767776352,A_ALWAYS_ALLOW,antibody_B,27,0.2255,0.0,0.0,0.11275,NONE,core9_03_v1,False,0,,,,True,NONE,REASON_WITHIN_BOUNDS,5,core9_04_v1,MONITOR,REASON_WITHIN_GOVERNANCE_BOUNDS,0.2255,NONE,REASON_WITHIN_BOUNDS,0.11275,"이 결정은 기준 내에 있으며, 점수는 0.113으로 평가되었습니다."
core7_04_1767776352,A_ALWAYS_ALLOW,antibody_B,28,0.2335,0.0,0.0,0.11675,NONE,core9_03_v1,False,0,,,,True,NONE,REASON_WITHIN_BOUNDS,5,core9_04_v1,MONITOR,REASON_WITHIN_GOVERNANCE_BOUNDS,0.2335,NONE,REASON_WITHIN_BOUNDS,0.11675,"이 결정은 기준 내에 있으며, 점수는 0.117로 평가되었습니다."
core7_04_1767776352,A_ALWAYS_ALLOW,antibody_B,29,0.2415,0.0,0.0,0.12075,NONE,core9_03_v1,False,0,,,,True,NONE,REASON_WITHIN_BOUNDS,5,core9_04_v1,MONITOR,REASON_WITHIN_GOVERNANCE_BOUNDS,0.2415,NONE,REASON_WITHIN_BOUNDS,0.12075,"이 결정은 기준 내에 있으며, 점수는 0.121로 평가되었습니다."
core7_04_1767776352,A_ALWAYS_ALLOW,antibody_C,0,0.0,0.0,,,NONE,core9_03_v1,False,0,,,,True,HOLD,REASON_MIN_STEPS_NOT_REACHED,5,core9_04_v1,HOLD,REASON_MIN_STEPS_NOT_REACHED,0.0,HOLD,REASON_MIN_STEPS_NOT_REACHED,,"단계가 보류 중이며, 최소 단계 수에 도달하지 못했기 때문에 결정이 내려지지 않았습니다."
core7_04_1767776352,A_ALWAYS_ALLOW,antibody_C,1,0.0,0.0,,,NONE,core9_03_v1,False,0,,,,True,HOLD,REASON_MIN_STEPS_NOT_REACHED,5,core9_04_v1,HOLD,REASON_MIN_STEPS_NOT_REACHED,0.0,HOLD,REASON_MIN_STEPS_NOT_REACHED,,"단계가 보류 중이며, 최소 단계 수에 도달하지 못했기 때문에 이유가 있습니다."
core7_04_1767776352,A_ALWAYS_ALLOW,antibody_C,2,0.0,0.0,,,NONE,core9_03_v1,False,0,,,,True,HOLD,REASON_MIN_STEPS_NOT_REACHED,5,core9_04_v1,HOLD,REASON_MIN_STEPS_NOT_REACHED,0.0,HOLD,REASON_MIN_STEPS_NOT_REACHED,,"""최소 단계에 도달하지 않아 현재 상태를 유지합니다."""
core7_04_1767776352,A_ALWAYS_ALLOW,antibody_C,3,0.0,0.0,,,NONE,core9_03_v1,False,0,,,,True,HOLD,REASON_MIN_STEPS_NOT_REACHED,5,core9_04_v1,HOLD,REASON_MIN_STEPS_NOT_REACHED,0.0,HOLD,REASON_MIN_STEPS_NOT_REACHED,,"단계가 보류 중이며, 최소 단계 수에 도달하지 못했기 때문에 결정이 내려지지 않았습니다."
core7_04_1767776352,A_ALWAYS_ALLOW,antibody_C,4,0.0,0.0,,,NONE,core9_03_v1,False,0,,,,True,HOLD,REASON_MIN_STEPS_NOT_REACHED,5,core9_04_v1,HOLD,REASON_MIN_STEPS_NOT_REACHED,0.0,HOLD,REASON_MIN_STEPS_NOT_REACHED,,"단계가 보류 중이며, 최소 단계 수에 도달하지 못했기 때문에 결정이 내려지지 않았습니다."
core7_04_1767776352,A_ALWAYS_ALLOW,antibody_C,5,0.0,0.0,,,NONE,core9_03_v1,False,0,,,,True,HOLD,REASON_MIN_STEPS_NOT_REACHED,5,core9_04_v1,HOLD,REASON_MIN_STEPS_NOT_REACHED,0.0,HOLD,REASON_MIN_STEPS_NOT_REACHED,,"""최소 단계에 도달하지 않아 현재 상태를 유지합니다."""
core7_04_1767776352,A_ALWAYS_ALLOW,antibody_C,6,0.0,0.0,,,NONE,core9_03_v1,False,0,,,,True,HOLD,REASON_MIN_STEPS_NOT_REACHED,5,core9_04_v1,HOLD,REASON_MIN_STEPS_NOT_REACHED,0.0,HOLD,REASON_MIN_STEPS_NOT_REACHED,,"단계가 보류 중이며, 최소 단계 수에 도달하지 못했기 때문에 결정이 내려지지 않았습니다."
core7_04_1767776352,A_ALWAYS_ALLOW,antibody_C,7,0.0,0.0,,,NONE,core9_03_v1,False,0,,,,True,HOLD,REASON_MIN_STEPS_NOT_REACHED,5,core9_04_v1,HOLD,REASON_MIN_STEPS_NOT_REACHED,0.0,HOLD,REASON_MIN_STEPS_NOT_REACHED,,"단계가 보류 중이며, 최소 단계 수에 도달하지 못했기 때문에 결정이 내려지지 않았습니다."
core7_04_1767776352,A_ALWAYS_ALLOW,antibody_C,8,0.0,0.0,,,NONE,core9_03_v1,False,0,,,,True,HOLD,REASON_MIN_STEPS_NOT_REACHED,5,core9_04_v1,HOLD,REASON_MIN_STEPS_NOT_REACHED,0.0,HOLD,REASON_MIN_STEPS_NOT_REACHED,,"단계가 보류 중이며, 최소 단계 수에 도달하지 못했기 때문에 이유가 있습니다."
core7_04_1767776352,A_ALWAYS_ALLOW,antibody_C,9,0.0,0.0,0.0,0.0,NONE,core9_03_v1,False,0,,,,True,HOLD,REASON_MIN_STEPS_NOT_REACHED,5,core9_04_v1,HOLD,REASON_MIN_STEPS_NOT_REACHED,0.0,HOLD,REASON_MIN_STEPS_NOT_REACHED,0.0,이 결정은 최소 단계에 도달하지 못했기 때문에 보류 상태로 유지됩니다.
core7_04_1767776352,A_ALWAYS_ALLOW,antibody_C,10,0.0,0.0,0.0,0.0,NONE,core9_03_v1,False,0,,,,True,NONE,REASON_WITHIN_BOUNDS,5,core9_04_v1,MONITOR,REASON_WITHIN_GOVERNANCE_BOUNDS,0.0,NONE,REASON_WITHIN_BOUNDS,0.0,"이 결정은 기준 내에 있으며, 점수는 0.0입니다."
core7_04_1767776352,A_ALWAYS_ALLOW,antibody_C,11,0.0,0.0,0.0,0.0,NONE,core9_03_v1,False,0,,,,True,NONE,REASON_WITHIN_BOUNDS,5,core9_04_v1,MONITOR,REASON_WITHIN_GOVERNANCE_BOUNDS,0.0,NONE,REASON_WITHIN_BOUNDS,0.0,"이 결정은 기준 내에 있으며, 점수는 0.0입니다."
core7_04_1767776352,A_ALWAYS_ALLOW,antibody_C,12,0.006,0.0,0.0,0.003,NONE,core9_03_v1,False,0,,,,True,NONE,REASON_WITHIN_BOUNDS,5,core9_04_v1,MONITOR,REASON_WITHIN_GOVERNANCE_BOUNDS,0.006,NONE,REASON_WITHIN_BOUNDS,0.003,"이 결정은 기준 내에 있으며, 점수는 0.003으로 나타났습니다."
core7_04_1767776352,A_ALWAYS_ALLOW,antibody_C,13,0.0115,0.0,0.0,0.00575,NONE,core9_03_v1,False,0,,,,True,NONE,REASON_WITHIN_BOUNDS,5,core9_04_v1,MONITOR,REASON_WITHIN_GOVERNANCE_BOUNDS,0.0115,NONE,REASON_WITHIN_BOUNDS,0.00575,"이 결정은 기준 내에서 이루어졌으며, 점수는 0.006입니다."
core7_04_1767776352,A_ALWAYS_ALLOW,antibody_C,14,0.0165,0.0,0.0,0.00825,NONE,core9_03_v1,False,0,,,,True,NONE,REASON_WITHIN_BOUNDS,5,core9_04_v1,MONITOR,REASON_WITHIN_GOVERNANCE_BOUNDS,0.0165,NONE,REASON_WITHIN_BOUNDS,0.00825,"이 결정은 기준 내에 있으며, 점수는 0.008로 평가되었습니다."
core7_04_1767776352,A_ALWAYS_ALLOW,antibody_C,15,0.021,0.0,0.0,0.0105,NONE,core9_03_v1,False,0,,,,True,NONE,REASON_WITHIN_BOUNDS,5,core9_04_v1,MONITOR,REASON_WITHIN_GOVERNANCE_BOUNDS,0.021,NONE,REASON_WITHIN_BOUNDS,0.0105,"이 결정은 기준 내에 있으며, 점수는 0.011로 나타났습니다."
core7_04_1767776352,A_ALWAYS_ALLOW,antibody_C,16,0.025,0.0,0.0,0.0125,NONE,core9_03_v1,False,0,,,,True,NONE,REASON_WITHIN_BOUNDS,5,core9_04_v1,MONITOR,REASON_WITHIN_GOVERNANCE_BOUNDS,0.025,NONE,REASON_WITHIN_BOUNDS,0.0125,"이 결정은 기준 내에 있으며, 점수는 0.013으로 나타났습니다."
core7_04_1767776352,A_ALWAYS_ALLOW,antibody_C,17,0.0284999999999999,0.0,0.0,0.0142499999999999,NONE,core9_03_v1,False,0,,,,True,NONE,REASON_WITHIN_BOUNDS,5,core9_04_v1,MONITOR,REASON_WITHIN_GOVERNANCE_BOUNDS,0.0284999999999999,NONE,REASON_WITHIN_BOUNDS,0.0142499999999999,"이 결정은 기준 내에 있으며, 점수는 0.014로 나타났습니다."
core7_04_1767776352,A_ALWAYS_ALLOW,antibody_C,18,0.0315,0.0,0.0,0.01575,NONE,core9_03_v1,False,0,,,,True,NONE,REASON_WITHIN_BOUNDS,5,core9_04_v1,MONITOR,REASON_WITHIN_GOVERNANCE_BOUNDS,0.0315,NONE,REASON_WITHIN_BOUNDS,0.01575,"이 결정은 기준 내에 있으며, 점수는 0.016으로 평가되었습니다."
core7_04_1767776352,A_ALWAYS_ALLOW,antibody_C,19,0.0405,0.0,0.0,0.02025,NONE,core9_03_v1,False,0,,,,True,NONE,REASON_WITHIN_BOUNDS,5,core9_04_v1,MONITOR,REASON_WITHIN_GOVERNANCE_BOUNDS,0.0405,NONE,REASON_WITHIN_BOUNDS,0.02025,"이 결정은 기준 내에 있으며, 점수는 0.02로 낮습니다."
core7_04_1767776352,A_ALWAYS_ALLOW,antibody_C,20,0.0555,0.0,0.0,0.02775,NONE,core9_03_v1,False,0,,,,True,NONE,REASON_WITHIN_BOUNDS,5,core9_04_v1,MONITOR,REASON_WITHIN_GOVERNANCE_BOUNDS,0.0555,NONE,REASON_WITHIN_BOUNDS,0.02775,"이 결정은 기준 내에 있으며, 점수는 0.028로 나타났습니다."
core7_04_1767776352,A_ALWAYS_ALLOW,antibody_C,21,0.07,0.0,0.0,0.035,NONE,core9_03_v1,False,0,,,,True,NONE,REASON_WITHIN_BOUNDS,5,core9_04_v1,MONITOR,REASON_WITHIN_GOVERNANCE_BOUNDS,0.07,NONE,REASON_WITHIN_BOUNDS,0.035,"이 결정은 기준 내에 있으며, 점수는 0.035로 평가되었습니다."
core7_04_1767776352,A_ALWAYS_ALLOW,antibody_C,22,0.078,0.0,0.0,0.039,NONE,core9_03_v1,False,0,,,,True,NONE,REASON_WITHIN_BOUNDS,5,core9_04_v1,MONITOR,REASON_WITHIN_GOVERNANCE_BOUNDS,0.078,NONE,REASON_WITHIN_BOUNDS,0.039,"이 결정은 기준 내에 있으며, 점수는 0.039로 평가되었습니다."
core7_04_1767776352,A_ALWAYS_ALLOW,antibody_C,23,0.086,0.0,0.0,0.043,NONE,core9_03_v1,False,0,,,,True,NONE,REASON_WITHIN_BOUNDS,5,core9_04_v1,MONITOR,REASON_WITHIN_GOVERNANCE_BOUNDS,0.086,NONE,REASON_WITHIN_BOUNDS,0.043,"이 결정은 기준 내에 있으며, 점수는 0.043입니다."
core7_04_1767776352,A_ALWAYS_ALLOW,antibody_C,24,0.094,0.0,0.0,0.047,NONE,core9_03_v1,False,0,,,,True,NONE,REASON_WITHIN_BOUNDS,5,core9_04_v1,MONITOR,REASON_WITHIN_GOVERNANCE_BOUNDS,0.094,NONE,REASON_WITHIN_BOUNDS,0.047,"이 결정은 기준 내에 있으며, 점수는 0.047로 평가되었습니다."
core7_04_1767776352,A_ALWAYS_ALLOW,antibody_C,25,0.102,0.0,0.0,0.051,NONE,core9_03_v1,False,0,,,,True,NONE,REASON_WITHIN_BOUNDS,5,core9_04_v1,MONITOR,REASON_WITHIN_GOVERNANCE_BOUNDS,0.102,NONE,REASON_WITHIN_BOUNDS,0.051,"이 결정은 기준 내에 있으며, 점수는 0.051로 나타났습니다."
core7_04_1767776352,A_ALWAYS_ALLOW,antibody_C,26,0.11,0.0,0.0,0.055,NONE,core9_03_v1,False,0,,,,True,NONE,REASON_WITHIN_BOUNDS,5,core9_04_v1,MONITOR,REASON_WITHIN_GOVERNANCE_BOUNDS,0.11,NONE,REASON_WITHIN_BOUNDS,0.055,"이 결정은 기준 내에 있으며, 점수는 0.055로 평가되었습니다."
core7_04_1767776352,A_ALWAYS_ALLOW,antibody_C,27,0.118,0.0,0.0,0.059,NONE,core9_03_v1,False,0,,,,True,NONE,REASON_WITHIN_BOUNDS,5,core9_04_v1,MONITOR,REASON_WITHIN_GOVERNANCE_BOUNDS,0.118,NONE,REASON_WITHIN_BOUNDS,0.059,"이 결정은 기준 내에 있으며, 점수는 0.059로 평가되었습니다."
core7_04_1767776352,A_ALWAYS_ALLOW,antibody_C,28,0.1325,0.0,0.0,0.06625,NONE,core9_03_v1,False,0,,,,True,NONE,REASON_WITHIN_BOUNDS,5,core9_04_v1,MONITOR,REASON_WITHIN_GOVERNANCE_BOUNDS,0.1325,NONE,REASON_WITHIN_BOUNDS,0.06625,"이 결정은 기준 내에 있으며, 점수는 0.066입니다."
core7_04_1767776352,A_ALWAYS_ALLOW,antibody_C,29,0.1405,0.0,0.0,0.07025,NONE,core9_03_v1,False,0,,,,True,NONE,REASON_WITHIN_BOUNDS,5,core9_04_v1,MONITOR,REASON_WITHIN_GOVERNANCE_BOUNDS,0.1405,NONE,REASON_WITHIN_BOUNDS,0.07025,"이 결정은 기준 내에 있으며, 점수는 0.07로 평가되었습니다."
core7_04_1767776352,B_GOVERNED,antibody_A,0,0.0,0.0,,,NONE,core9_03_v1,False,0,,,,True,HOLD,REASON_MIN_STEPS_NOT_REACHED,5,core9_04_v1,HOLD,REASON_MIN_STEPS_NOT_REACHED,0.0,HOLD,REASON_MIN_STEPS_NOT_REACHED,,"단계가 보류 중이며, 최소 단계에 도달하지 못했기 때문에 이유가 있습니다."
core7_04_1767776352,B_GOVERNED,antibody_A,1,0.0,0.0,,,NONE,core9_03_v1,False,0,,,,True,HOLD,REASON_MIN_STEPS_NOT_REACHED,5,core9_04_v1,HOLD,REASON_MIN_STEPS_NOT_REACHED,0.0,HOLD,REASON_MIN_STEPS_NOT_REACHED,,"""최소 단계에 도달하지 않아 현재 상태를 유지합니다."""
core7_04_1767776352,B_GOVERNED,antibody_A,2,0.0,0.0,,,NONE,core9_03_v1,False,0,,,,True,HOLD,REASON_MIN_STEPS_NOT_REACHED,5,core9_04_v1,HOLD,REASON_MIN_STEPS_NOT_REACHED,0.0,HOLD,REASON_MIN_STEPS_NOT_REACHED,,"단계가 보류 중이며, 최소 단계 수에 도달하지 못했기 때문에 결정이 내려지지 않았습니다."
core7_04_1767776352,B_GOVERNED,antibody_A,3,0.0,0.0,,,NONE,core9_03_v1,False,0,,,,True,HOLD,REASON_MIN_STEPS_NOT_REACHED,5,core9_04_v1,HOLD,REASON_MIN_STEPS_NOT_REACHED,0.0,HOLD,REASON_MIN_STEPS_NOT_REACHED,,"단계가 보류 중이며, 최소 단계 수에 도달하지 못했기 때문에 결정이 내려지지 않았습니다."
core7_04_1767776352,B_GOVERNED,antibody_A,4,0.0,0.0,,,NONE,core9_03_v1,False,0,,,,True,HOLD,REASON_MIN_STEPS_NOT_REACHED,5,core9_04_v1,HOLD,REASON_MIN_STEPS_NOT_REACHED,0.0,HOLD,REASON_MIN_STEPS_NOT_REACHED,,"단계가 보류 중이며, 최소 단계 수에 도달하지 못했기 때문에 이유가 있습니다."
core7_04_1767776352,B_GOVERNED,antibody_A,5,0.006,0.0,,,NONE,core9_03_v1,False,0,,,,True,HOLD,REASON_MIN_STEPS_NOT_REACHED,5,core9_04_v1,HOLD,REASON_MIN_STEPS_NOT_REACHED,0.006,HOLD,REASON_MIN_STEPS_NOT_REACHED,,"단계가 보류 중이며, 최소 단계 수에 도달하지 못했기 때문에 결정이 내려지지 않았습니다."
core7_04_1767776352,B_GOVERNED,antibody_A,6,0.0115,0.0,,,NONE,core9_03_v1,False,0,,,,True,HOLD,REASON_MIN_STEPS_NOT_REACHED,5,core9_04_v1,HOLD,REASON_MIN_STEPS_NOT_REACHED,0.0115,HOLD,REASON_MIN_STEPS_NOT_REACHED,,단계가 보류 중인 이유는 최소 단계 수에 도달하지 못했기 때문입니다.
core7_04_1767776352,B_GOVERNED,antibody_A,7,0.0165,0.0,,,NONE,core9_03_v1,False,0,,,,True,HOLD,REASON_MIN_STEPS_NOT_REACHED,5,core9_04_v1,HOLD,REASON_MIN_STEPS_NOT_REACHED,0.0165,HOLD,REASON_MIN_STEPS_NOT_REACHED,,"단계가 보류 중이며, 최소 단계 수에 도달하지 못했기 때문에 결정이 내려지지 않았습니다."
core7_04_1767776352,B_GOVERNED,antibody_A,8,0.021,0.0,,,NONE,core9_03_v1,False,0,,,,True,HOLD,REASON_MIN_STEPS_NOT_REACHED,5,core9_04_v1,HOLD,REASON_MIN_STEPS_NOT_REACHED,0.021,HOLD,REASON_MIN_STEPS_NOT_REACHED,,"단계가 보류 중이며, 최소 단계 수에 도달하지 못했기 때문에 이유가 있습니다."
core7_04_1767776352,B_GOVERNED,antibody_A,9,0.025,0.0,0.0,0.0125,NONE,core9_03_v1,False,0,,,,True,HOLD,REASON_MIN_STEPS_NOT_REACHED,5,core9_04_v1,HOLD,REASON_MIN_STEPS_NOT_REACHED,0.025,HOLD,REASON_MIN_STEPS_NOT_REACHED,0.0125,이 결정은 최소 단계에 도달하지 못했기 때문에 보류 상태로 유지됩니다.
core7_04_1767776352,B_GOVERNED,antibody_A,10,0.0284999999999999,0.0,0.0,0.0142499999999999,NONE,core9_03_v1,False,0,,,,True,NONE,REASON_WITHIN_BOUNDS,5,core9_04_v1,MONITOR,REASON_WITHIN_GOVERNANCE_BOUNDS,0.0284999999999999,NONE,REASON_WITHIN_BOUNDS,0.0142499999999999,"이 결정은 기준 내에 있으며, 점수는 0.014로 나타났습니다."
core7_04_1767776352,B_GOVERNED,antibody_A,11,0.0315,0.0,0.0,0.01575,NONE,core9_03_v1,False,0,,,,True,NONE,REASON_WITHIN_BOUNDS,5,core9_04_v1,MONITOR,REASON_WITHIN_GOVERNANCE_BOUNDS,0.0315,NONE,REASON_WITHIN_BOUNDS,0.01575,"이 결정은 기준 내에서 이루어졌으며, 점수는 0.016입니다."
core7_04_1767776352,B_GOVERNED,antibody_A,12,0.0405,0.0,0.0,0.02025,NONE,core9_03_v1,False,0,,,,True,NONE,REASON_WITHIN_BOUNDS,5,core9_04_v1,MONITOR,REASON_WITHIN_GOVERNANCE_BOUNDS,0.0405,NONE,REASON_WITHIN_BOUNDS,0.02025,"이 결정은 기준 내에서 이루어졌으며, 점수는 0.02로 평가되었습니다."
core7_04_1767776352,B_GOVERNED,antibody_A,13,0.0489999999999999,0.0,0.0,0.0244999999999999,NONE,core9_03_v1,False,0,,,,True,NONE,REASON_WITHIN_BOUNDS,5,core9_04_v1,MONITOR,REASON_WITHIN_GOVERNANCE_BOUNDS,0.0489999999999999,NONE,REASON_WITHIN_BOUNDS,0.0244999999999999,"이 결정은 기준 내에 있으며, 점수는 0.024로 나타났습니다."
core7_04_1767776352,B_GOVERNED,antibody_A,14,0.0569999999999999,0.0,0.0,0.0284999999999999,NONE,core9_03_v1,False,0,,,,True,NONE,REASON_WITHIN_BOUNDS,5,core9_04_v1,MONITOR,REASON_WITHIN_GOVERNANCE_BOUNDS,0.0569999999999999,NONE,REASON_WITHIN_BOUNDS,0.0284999999999999,"이 결정은 기준 내에 있으며, 점수는 0.028로 평가되었습니다."
core7_04_1767776352,B_GOVERNED,antibody_A,15,0.065,0.0,0.0,0.0325,NONE,core9_03_v1,False,0,,,,True,NONE,REASON_WITHIN_BOUNDS,5,core9_04_v1,MONITOR,REASON_WITHIN_GOVERNANCE_BOUNDS,0.065,NONE,REASON_WITHIN_BOUNDS,0.0325,"이 결정은 기준 내에 있으며, 점수는 0.033으로 평가되었습니다."
core7_04_1767776352,B_GOVERNED,antibody_A,16,0.073,0.0,0.0,0.0365,NONE,core9_03_v1,False,0,,,,True,NONE,REASON_WITHIN_BOUNDS,5,core9_04_v1,MONITOR,REASON_WITHIN_GOVERNANCE_BOUNDS,0.073,NONE,REASON_WITHIN_BOUNDS,0.0365,"이 결정은 기준 내에 있으며, 점수는 0.036입니다."
core7_04_1767776352,B_GOVERNED,antibody_A,17,0.081,0.0,0.0,0.0405,NONE,core9_03_v1,False,0,,,,True,NONE,REASON_WITHIN_BOUNDS,5,core9_04_v1,MONITOR,REASON_WITHIN_GOVERNANCE_BOUNDS,0.081,NONE,REASON_WITHIN_BOUNDS,0.0405,"이 결정은 기준 내에 있으며, 점수는 0.041로 평가되었습니다."
core7_04_1767776352,B_GOVERNED,antibody_A,18,0.2638236331569665,0.0,0.01,0.1339118165784832,NONE,core9_03_v1,False,0,,,,True,NONE,REASON_WITHIN_BOUNDS,5,core9_04_v1,MONITOR,REASON_WITHIN_GOVERNANCE_BOUNDS,0.2638236331569665,NONE,REASON_WITHIN_BOUNDS,0.1339118165784832,"이 결정은 기준 내에 있으며, 점수는 0.134로 평가되었습니다."
core7_04_1767776352,B_GOVERNED,antibody_A,19,0.2983853615520282,0.0,0.02,0.1531926807760141,NONE,core9_03_v1,False,0,,,,True,NONE,REASON_WITHIN_BOUNDS,5,core9_04_v1,MONITOR,REASON_WITHIN_GOVERNANCE_BOUNDS,0.2983853615520282,NONE,REASON_WITHIN_BOUNDS,0.1531926807760141,"이 결정은 기준 내에 있으며, 점수는 0.153입니다."
core7_04_1767776352,B_GOVERNED,antibody_A,20,0.3128853615520282,0.0,0.03,0.1624426807760141,NONE,core9_03_v1,False,0,,,,True,NONE,REASON_WITHIN_BOUNDS,5,core9_04_v1,MONITOR,REASON_WITHIN_GOVERNANCE_BOUNDS,0.3128853615520282,NONE,REASON_WITHIN_BOUNDS,0.1624426807760141,"이 결정은 기준 내에 있으며, 점수는 0.162로 평가되었습니다."
core7_04_1767776352,B_GOVERNED,antibody_A,21,0.3273853615520282,0.0,0.04,0.1716926807760141,NONE,core9_03_v1,False,0,,,,True,NONE,REASON_WITHIN_BOUNDS,5,core9_04_v1,MONITOR,REASON_WITHIN_GOVERNANCE_BOUNDS,0.3273853615520282,NONE,REASON_WITHIN_BOUNDS,0.1716926807760141,"이 결정은 기준 내에 있으며, 점수는 0.172로 평가되었습니다."
core7_04_1767776352,B_GOVERNED,antibody_A,22,0.3418853615520282,0.0,0.05,0.1809426807760141,NONE,core9_03_v1,False,0,,,,True,NONE,REASON_WITHIN_BOUNDS,5,core9_04_v1,MONITOR,REASON_WITHIN_GOVERNANCE_BOUNDS,0.3418853615520282,NONE,REASON_WITHIN_BOUNDS,0.1809426807760141,"이 결정은 기준 내에 있으며, 점수는 0.181입니다."
core7_04_1767776352,B_GOVERNED,antibody_A,23,0.3563853615520282,0.0,0.06,0.1901926807760141,NONE,core9_03_v1,False,0,,,,True,NONE,REASON_WITHIN_BOUNDS,5,core9_04_v1,MONITOR,REASON_WITHIN_GOVERNANCE_BOUNDS,0.3563853615520282,NONE,REASON_WITHIN_BOUNDS,0.1901926807760141,"이 결정은 기준 내에 있으며, 점수는 0.19로 평가되었습니다."
core7_04_1767776352,B_GOVERNED,antibody_A,24,0.3708853615520282,0.0,0.07,0.1994426807760141,NONE,core9_03_v1,False,0,,,,True,NONE,REASON_WITHIN_BOUNDS,5,core9_04_v1,MONITOR,REASON_WITHIN_GOVERNANCE_BOUNDS,0.3708853615520282,NONE,REASON_WITHIN_BOUNDS,0.1994426807760141,"이 결정은 기준 내에 있으며, 점수는 0.199로 평가되었습니다."
core7_04_1767776352,B_GOVERNED,antibody_A,25,0.3853853615520282,0.0,0.08,0.2086926807760141,NONE,core9_03_v1,False,0,,,,True,NONE,REASON_WITHIN_BOUNDS,5,core9_04_v1,MONITOR,REASON_WITHIN_GOVERNANCE_BOUNDS,0.3853853615520282,NONE,REASON_WITHIN_BOUNDS,0.2086926807760141,"이 결정은 기준 내에서 이루어졌으며, 점수는 0.209로 평가되었습니다."
core7_04_1767776352,B_GOVERNED,antibody_A,26,0.3998853615520282,0.0,0.09,0.217942680776014,NONE,core9_03_v1,False,0,,,,True,NONE,REASON_WITHIN_BOUNDS,5,core9_04_v1,MONITOR,REASON_WITHIN_GOVERNANCE_BOUNDS,0.3998853615520282,NONE,REASON_WITHIN_BOUNDS,0.217942680776014,"이 결정은 기준 내에 있으며, 점수는 0.218로 평가되었습니다."
core7_04_1767776352,B_GOVERNED,antibody_A,27,0.3526569664902999,0.0,0.1,0.1963284832451499,NONE,core9_03_v1,False,0,,,,True,NONE,REASON_WITHIN_BOUNDS,5,core9_04_v1,MONITOR,REASON_WITHIN_GOVERNANCE_BOUNDS,0.3526569664902999,NONE,REASON_WITHIN_BOUNDS,0.1963284832451499,"이 결정은 기준 내에 있으며, 점수는 0.196입니다."
core7_04_1767776352,B_GOVERNED,antibody_A,28,0.2339999999999999,0.0,0.09,0.1349999999999999,NONE,core9_03_v1,False,0,,,,True,NONE,REASON_WITHIN_BOUNDS,5,core9_04_v1,MONITOR,REASON_WITHIN_GOVERNANCE_BOUNDS,0.2339999999999999,NONE,REASON_WITHIN_BOUNDS,0.1349999999999999,"이 결정은 기준 내에서 이루어졌으며, 점수는 0.135로 평가되었습니다."
core7_04_1767776352,B_GOVERNED,antibody_A,29,0.2419999999999999,0.0,0.08,0.1369999999999999,NONE,core9_03_v1,False,0,,,,True,NONE,REASON_WITHIN_BOUNDS,5,core9_04_v1,MONITOR,REASON_WITHIN_GOVERNANCE_BOUNDS,0.2419999999999999,NONE,REASON_WITHIN_BOUNDS,0.1369999999999999,"이 결정은 기준 내에 있으며, 점수는 0.137로 평가되었습니다."
core7_04_1767776352,B_GOVERNED,antibody_B,0,0.0,0.0,,,NONE,core9_03_v1,False,0,,,,True,HOLD,REASON_MIN_STEPS_NOT_REACHED,5,core9_04_v1,HOLD,REASON_MIN_STEPS_NOT_REACHED,0.0,HOLD,REASON_MIN_STEPS_NOT_REACHED,,"단계가 보류 중이며, 최소 단계에 도달하지 못했기 때문에 결정이 내려지지 않았습니다."
core7_04_1767776352,B_GOVERNED,antibody_B,1,0.0,0.0,,,NONE,core9_03_v1,False,0,,,,True,HOLD,REASON_MIN_STEPS_NOT_REACHED,5,core9_04_v1,HOLD,REASON_MIN_STEPS_NOT_REACHED,0.0,HOLD,REASON_MIN_STEPS_NOT_REACHED,,"단계가 보류 중이며, 최소 단계 수에 도달하지 못했기 때문에 결정이 내려지지 않았습니다."
core7_04_1767776352,B_GOVERNED,antibody_B,2,0.0,0.0,,,NONE,core9_03_v1,False,0,,,,True,HOLD,REASON_MIN_STEPS_NOT_REACHED,5,core9_04_v1,HOLD,REASON_MIN_STEPS_NOT_REACHED,0.0,HOLD,REASON_MIN_STEPS_NOT_REACHED,,"단계가 보류 중이며, 최소 단계 수에 도달하지 못했기 때문에 이유가 있습니다."
core7_04_1767776352,B_GOVERNED,antibody_B,3,0.0,0.0,,,NONE,core9_03_v1,False,0,,,,True,HOLD,REASON_MIN_STEPS_NOT_REACHED,5,core9_04_v1,HOLD,REASON_MIN_STEPS_NOT_REACHED,0.0,HOLD,REASON_MIN_STEPS_NOT_REACHED,,"현재 단계는 ""보류""이며, 최소 단계에 도달하지 못했기 때문에 결정이 보류되었습니다."
core7_04_1767776352,B_GOVERNED,antibody_B,4,0.0,0.0,,,NONE,core9_03_v1,False,0,,,,True,HOLD,REASON_MIN_STEPS_NOT_REACHED,5,core9_04_v1,HOLD,REASON_MIN_STEPS_NOT_REACHED,0.0,HOLD,REASON_MIN_STEPS_NOT_REACHED,,"단계가 보류 중이며, 최소 단계에 도달하지 못했기 때문에 이유가 있습니다."
core7_04_1767776352,B_GOVERNED,antibody_B,5,0.0,0.0,,,NONE,core9_03_v1,False,0,,,,True,HOLD,REASON_MIN_STEPS_NOT_REACHED,5,core9_04_v1,HOLD,REASON_MIN_STEPS_NOT_REACHED,0.0,HOLD,REASON_MIN_STEPS_NOT_REACHED,,"단계가 보류 중이며, 최소 단계 수에 도달하지 못했기 때문에 결정이 내려지지 않았습니다."
core7_04_1767776352,B_GOVERNED,antibody_B,6,0.0,0.0,,,NONE,core9_03_v1,False,0,,,,True,HOLD,REASON_MIN_STEPS_NOT_REACHED,5,core9_04_v1,HOLD,REASON_MIN_STEPS_NOT_REACHED,0.0,HOLD,REASON_MIN_STEPS_NOT_REACHED,,"단계가 보류 중이며, 최소 단계에 도달하지 못했기 때문에 이유가 있습니다."
core7_04_1767776352,B_GOVERNED,antibody_B,7,0.0,0.0,,,NONE,core9_03_v1,False,0,,,,True,HOLD,REASON_MIN_STEPS_NOT_REACHED,5,core9_04_v1,HOLD,REASON_MIN_STEPS_NOT_REACHED,0.0,HOLD,REASON_MIN_STEPS_NOT_REACHED,,"현재 단계는 ""보류""이며, 최소 단계에 도달하지 못했기 때문에 결정이 보류되었습니다."
core7_04_1767776352,B_GOVERNED,antibody_B,8,0.0,0.0,,,NONE,core9_03_v1,False,0,,,,True,HOLD,REASON_MIN_STEPS_NOT_REACHED,5,core9_04_v1,HOLD,REASON_MIN_STEPS_NOT_REACHED,0.0,HOLD,REASON_MIN_STEPS_NOT_REACHED,,"단계가 보류 중이며, 최소 단계 수에 도달하지 못했기 때문에 이유가 있습니다."
core7_04_1767776352,B_GOVERNED,antibody_B,9,0.006,0.0,0.0,0.003,NONE,core9_03_v1,False,0,,,,True,HOLD,REASON_MIN_STEPS_NOT_REACHED,5,core9_04_v1,HOLD,REASON_MIN_STEPS_NOT_REACHED,0.006,HOLD,REASON_MIN_STEPS_NOT_REACHED,0.003,이 결정은 최소 단계에 도달하지 못했기 때문에 보류 상태로 유지됩니다.
core7_04_1767776352,B_GOVERNED,antibody_B,10,0.0115,0.0,0.0,0.00575,NONE,core9_03_v1,False,0,,,,True,NONE,REASON_WITHIN_BOUNDS,5,core9_04_v1,MONITOR,REASON_WITHIN_GOVERNANCE_BOUNDS,0.0115,NONE,REASON_WITHIN_BOUNDS,0.00575,"이 결정은 기준 내에 있으며, 점수는 0.006으로 나타났습니다."
core7_04_1767776352,B_GOVERNED,antibody_B,11,0.0165,0.0,0.0,0.00825,NONE,core9_03_v1,False,0,,,,True,NONE,REASON_WITHIN_BOUNDS,5,core9_04_v1,MONITOR,REASON_WITHIN_GOVERNANCE_BOUNDS,0.0165,NONE,REASON_WITHIN_BOUNDS,0.00825,"이 결정은 기준 내에 있으며, 점수는 0.008로 나타났습니다."
core7_04_1767776352,B_GOVERNED,antibody_B,12,0.0275,0.0,0.0,0.01375,NONE,core9_03_v1,False,0,,,,True,NONE,REASON_WITHIN_BOUNDS,5,core9_04_v1,MONITOR,REASON_WITHIN_GOVERNANCE_BOUNDS,0.0275,NONE,REASON_WITHIN_BOUNDS,0.01375,"이 결정은 기준 내에 있으며, 점수는 0.014로 나타났습니다."
core7_04_1767776352,B_GOVERNED,antibody_B,13,0.038,0.0,0.0,0.019,NONE,core9_03_v1,False,0,,,,True,NONE,REASON_WITHIN_BOUNDS,5,core9_04_v1,MONITOR,REASON_WITHIN_GOVERNANCE_BOUNDS,0.038,NONE,REASON_WITHIN_BOUNDS,0.019,"이 결정은 기준 내에 있으며, 점수는 0.019로 나타났습니다."
core7_04_1767776352,B_GOVERNED,antibody_B,14,0.0544999999999999,0.0,0.0,0.0272499999999999,NONE,core9_03_v1,False,0,,,,True,NONE,REASON_WITHIN_BOUNDS,5,core9_04_v1,MONITOR,REASON_WITHIN_GOVERNANCE_BOUNDS,0.0544999999999999,NONE,REASON_WITHIN_BOUNDS,0.0272499999999999,"이 결정은 기준 내에 있으며, 점수는 0.027로 평가되었습니다."
core7_04_1767776352,B_GOVERNED,antibody_B,15,0.0705,0.0,0.0,0.03525,NONE,core9_03_v1,False,0,,,,True,NONE,REASON_WITHIN_BOUNDS,5,core9_04_v1,MONITOR,REASON_WITHIN_GOVERNANCE_BOUNDS,0.0705,NONE,REASON_WITHIN_BOUNDS,0.03525,"이 결정은 기준 내에 있으며, 점수는 0.035로 평가되었습니다."
core7_04_1767776352,B_GOVERNED,antibody_B,16,0.086,0.0,0.0,0.043,NONE,core9_03_v1,False,0,,,,True,NONE,REASON_WITHIN_BOUNDS,5,core9_04_v1,MONITOR,REASON_WITHIN_GOVERNANCE_BOUNDS,0.086,NONE,REASON_WITHIN_BOUNDS,0.043,"이 결정은 기준 내에서 이루어졌으며, 점수는 0.043입니다."
core7_04_1767776352,B_GOVERNED,antibody_B,17,0.1009999999999999,0.0,0.0,0.0504999999999999,NONE,core9_03_v1,False,0,,,,True,NONE,REASON_WITHIN_BOUNDS,5,core9_04_v1,MONITOR,REASON_WITHIN_GOVERNANCE_BOUNDS,0.1009999999999999,NONE,REASON_WITHIN_BOUNDS,0.0504999999999999,"이 결정은 기준 내에 있으며, 점수는 0.05로 설정되었습니다."
core7_04_1767776352,B_GOVERNED,antibody_B,18,0.2968236331569664,0.0,0.01,0.1504118165784832,NONE,core9_03_v1,False,0,,,,True,NONE,REASON_WITHIN_BOUNDS,5,core9_04_v1,MONITOR,REASON_WITHIN_GOVERNANCE_BOUNDS,0.2968236331569664,NONE,REASON_WITHIN_BOUNDS,0.1504118165784832,"이 결정은 기준 내에 있으며, 점수는 0.15로 평가되었습니다."
core7_04_1767776352,B_GOVERNED,antibody_B,19,0.3313853615520282,0.0,0.02,0.1696926807760141,NONE,core9_03_v1,False,0,,,,True,NONE,REASON_WITHIN_BOUNDS,5,core9_04_v1,MONITOR,REASON_WITHIN_GOVERNANCE_BOUNDS,0.3313853615520282,NONE,REASON_WITHIN_BOUNDS,0.1696926807760141,"이 결정은 기준 내에 있으며, 점수는 0.17로 평가되었습니다."
core7_04_1767776352,B_GOVERNED,antibody_B,20,0.3458853615520282,0.0,0.03,0.1789426807760141,NONE,core9_03_v1,False,0,,,,True,NONE,REASON_WITHIN_BOUNDS,5,core9_04_v1,MONITOR,REASON_WITHIN_GOVERNANCE_BOUNDS,0.3458853615520282,NONE,REASON_WITHIN_BOUNDS,0.1789426807760141,"이 결정은 기준 내에 있으며, 점수는 0.179로 평가되었습니다."
core7_04_1767776352,B_GOVERNED,antibody_B,21,0.3603853615520282,0.0,0.04,0.1881926807760141,NONE,core9_03_v1,False,0,,,,True,NONE,REASON_WITHIN_BOUNDS,5,core9_04_v1,MONITOR,REASON_WITHIN_GOVERNANCE_BOUNDS,0.3603853615520282,NONE,REASON_WITHIN_BOUNDS,0.1881926807760141,"이 결정은 기준 내에 있으며, 점수는 0.188로 평가되었습니다."
core7_04_1767776352,B_GOVERNED,antibody_B,22,0.3683853615520282,0.0,0.05,0.1941926807760141,NONE,core9_03_v1,False,0,,,,True,NONE,REASON_WITHIN_BOUNDS,5,core9_04_v1,MONITOR,REASON_WITHIN_GOVERNANCE_BOUNDS,0.3683853615520282,NONE,REASON_WITHIN_BOUNDS,0.1941926807760141,"이 결정은 기준 내에 있으며, 점수는 0.194로 평가되었습니다."
core7_04_1767776352,B_GOVERNED,antibody_B,23,0.3763853615520282,0.0,0.06,0.2001926807760141,NONE,core9_03_v1,False,0,,,,True,NONE,REASON_WITHIN_BOUNDS,5,core9_04_v1,MONITOR,REASON_WITHIN_GOVERNANCE_BOUNDS,0.3763853615520282,NONE,REASON_WITHIN_BOUNDS,0.2001926807760141,"이 결정은 기준 내에 있으며, 점수는 0.2로 평가되었습니다."
core7_04_1767776352,B_GOVERNED,antibody_B,24,0.3778853615520282,0.0,0.07,0.2029426807760141,NONE,core9_03_v1,False,0,,,,True,NONE,REASON_WITHIN_BOUNDS,5,core9_04_v1,MONITOR,REASON_WITHIN_GOVERNANCE_BOUNDS,0.3778853615520282,NONE,REASON_WITHIN_BOUNDS,0.2029426807760141,"이 결정은 기준 내에 있으며, 점수는 0.203입니다."
core7_04_1767776352,B_GOVERNED,antibody_B,25,0.3793853615520282,0.0,0.08,0.2056926807760141,NONE,core9_03_v1,False,0,,,,True,NONE,REASON_WITHIN_BOUNDS,5,core9_04_v1,MONITOR,REASON_WITHIN_GOVERNANCE_BOUNDS,0.3793853615520282,NONE,REASON_WITHIN_BOUNDS,0.2056926807760141,"이 결정은 기준 내에 있으며, 점수는 0.206입니다."
core7_04_1767776352,B_GOVERNED,antibody_B,26,0.3808853615520282,0.0,0.09,0.208442680776014,NONE,core9_03_v1,False,0,,,,True,NONE,REASON_WITHIN_BOUNDS,5,core9_04_v1,MONITOR,REASON_WITHIN_GOVERNANCE_BOUNDS,0.3808853615520282,NONE,REASON_WITHIN_BOUNDS,0.208442680776014,"이 결정은 기준 내에 있으며, 점수는 0.208로 평가되었습니다."
core7_04_1767776352,B_GOVERNED,antibody_B,27,0.3206569664902998,0.0,0.1,0.1803284832451498,NONE,core9_03_v1,False,0,,,,True,NONE,REASON_WITHIN_BOUNDS,5,core9_04_v1,MONITOR,REASON_WITHIN_GOVERNANCE_BOUNDS,0.3206569664902998,NONE,REASON_WITHIN_BOUNDS,0.1803284832451498,"이 결정은 기준 내에 있으며, 점수는 0.18로 평가되었습니다."
core7_04_1767776352,B_GOVERNED,antibody_B,28,0.1825,0.0,0.09,0.10925,NONE,core9_03_v1,False,0,,,,True,NONE,REASON_WITHIN_BOUNDS,5,core9_04_v1,MONITOR,REASON_WITHIN_GOVERNANCE_BOUNDS,0.1825,NONE,REASON_WITHIN_BOUNDS,0.10925,"이 결정은 기준 내에 있으며, 점수는 0.109로 평가되었습니다."
core7_04_1767776352,B_GOVERNED,antibody_B,29,0.1775,0.0,0.08,0.10475,NONE,core9_03_v1,False,0,,,,True,NONE,REASON_WITHIN_BOUNDS,5,core9_04_v1,MONITOR,REASON_WITHIN_GOVERNANCE_BOUNDS,0.1775,NONE,REASON_WITHIN_BOUNDS,0.10475,"이 결정은 기준 내에 있으며, 점수는 0.105로 평가되었습니다."
core7_04_1767776352,B_GOVERNED,antibody_C,0,0.0,0.0,,,NONE,core9_03_v1,False,0,,,,True,HOLD,REASON_MIN_STEPS_NOT_REACHED,5,core9_04_v1,HOLD,REASON_MIN_STEPS_NOT_REACHED,0.0,HOLD,REASON_MIN_STEPS_NOT_REACHED,,"단계가 보류 중이며, 최소 단계에 도달하지 못했기 때문에 결정이 내려지지 않았습니다."
core7_04_1767776352,B_GOVERNED,antibody_C,1,0.0,0.0,,,NONE,core9_03_v1,False,0,,,,True,HOLD,REASON_MIN_STEPS_NOT_REACHED,5,core9_04_v1,HOLD,REASON_MIN_STEPS_NOT_REACHED,0.0,HOLD,REASON_MIN_STEPS_NOT_REACHED,,"단계가 보류 중이며, 최소 단계에 도달하지 못했기 때문에 이유가 있습니다."
core7_04_1767776352,B_GOVERNED,antibody_C,2,0.006,0.0,,,NONE,core9_03_v1,False,0,,,,True,HOLD,REASON_MIN_STEPS_NOT_REACHED,5,core9_04_v1,HOLD,REASON_MIN_STEPS_NOT_REACHED,0.006,HOLD,REASON_MIN_STEPS_NOT_REACHED,,"단계가 보류 중이며, 최소 단계 수에 도달하지 못했기 때문에 결정이 내려지지 않았습니다."
core7_04_1767776352,B_GOVERNED,antibody_C,3,0.4234232804232804,0.0,,,NONE,core9_03_v1,False,0,,,,True,HOLD,REASON_MIN_STEPS_NOT_REACHED,5,core9_04_v1,HOLD,REASON_MIN_STEPS_NOT_REACHED,0.4234232804232804,HOLD,REASON_MIN_STEPS_NOT_REACHED,,"단계가 보류 중이며, 최소 단계에 도달하지 못했기 때문에 결정이 내려지지 않았습니다."
core7_04_1767776352,B_GOVERNED,antibody_C,4,0.4223571428571429,0.1,,,NONE,core9_03_v1,False,0,,,,True,HOLD,REASON_MIN_STEPS_NOT_REACHED,5,core9_04_v1,HOLD,REASON_MIN_STEPS_NOT_REACHED,0.4223571428571429,HOLD,REASON_MIN_STEPS_NOT_REACHED,,"단계가 보류 중이며, 최소 단계 수에 도달하지 못했기 때문에 결정이 내려지지 않았습니다."
core7_04_1767776352,B_GOVERNED,antibody_C,5,0.3817698412698412,0.2,,,NONE,core9_03_v1,False,0,,,,True,HOLD,REASON_MIN_STEPS_NOT_REACHED,5,core9_04_v1,HOLD,REASON_MIN_STEPS_NOT_REACHED,0.3817698412698412,HOLD,REASON_MIN_STEPS_NOT_REACHED,,"단계가 보류 중이며, 최소 단계 수에 도달하지 못했기 때문에 결정이 내려지지 않았습니다."
core7_04_1767776352,B_GOVERNED,antibody_C,6,0.3382260015117157,0.3,,,NONE,core9_03_v1,False,0,,,,True,HOLD,REASON_MIN_STEPS_NOT_REACHED,5,core9_04_v1,HOLD,REASON_MIN_STEPS_NOT_REACHED,0.3382260015117157,HOLD,REASON_MIN_STEPS_NOT_REACHED,,"단계가 보류 중이며, 최소 단계 수에 도달하지 못했기 때문에 이유가 있습니다."
core7_04_1767776352,B_GOVERNED,antibody_C,7,0.309015873015873,0.4,,,NONE,core9_03_v1,False,0,,,,True,HOLD,REASON_MIN_STEPS_NOT_REACHED,5,core9_04_v1,HOLD,REASON_MIN_STEPS_NOT_REACHED,0.309015873015873,HOLD,REASON_MIN_STEPS_NOT_REACHED,,"단계가 보류 중이며, 최소 단계 수에 도달하지 못했기 때문에 이유가 있습니다."
core7_04_1767776352,B_GOVERNED,antibody_C,8,0.2887539682539682,0.5,,,NONE,core9_03_v1,False,0,,,,True,HOLD,REASON_MIN_STEPS_NOT_REACHED,5,core9_04_v1,HOLD,REASON_MIN_STEPS_NOT_REACHED,0.2887539682539682,HOLD,REASON_MIN_STEPS_NOT_REACHED,,"현재 단계는 ""보류""이며, 최소 단계에 도달하지 못했기 때문에 결정이 보류되었습니다."
core7_04_1767776352,B_GOVERNED,antibody_C,9,0.2743853615520282,0.6,0.109563492063492,0.3391053791887125,LOW,core9_03_v1,False,0,,,,True,HOLD,REASON_MIN_STEPS_NOT_REACHED,5,core9_04_v1,HOLD,REASON_MIN_STEPS_NOT_REACHED,0.2743853615520282,HOLD,REASON_MIN_STEPS_NOT_REACHED,0.3391053791887125,이 결정은 최소 단계에 도달하지 못했기 때문에 보류 상태로 유지됩니다.
core7_04_1767776352,B_GOVERNED,antibody_C,10,0.2828853615520282,0.7,0.119563492063492,0.3753553791887125,LOW,core9_03_v1,False,0,,,,True,NONE,REASON_WITHIN_BOUNDS,5,core9_04_v1,MONITOR,REASON_WITHIN_GOVERNANCE_BOUNDS,0.2828853615520282,NONE,REASON_WITHIN_BOUNDS,0.3753553791887125,"이 결정은 기준 내에서 이루어졌으며, 점수는 0.375로 평가되었습니다."
core7_04_1767776352,B_GOVERNED,antibody_C,11,0.2908853615520282,0.8,0.129563492063492,0.4113553791887124,LOW,core9_03_v1,False,0,,,,True,NONE,REASON_WITHIN_BOUNDS,5,core9_04_v1,MONITOR,REASON_WITHIN_GOVERNANCE_BOUNDS,0.2908853615520282,NONE,REASON_WITHIN_BOUNDS,0.4113553791887124,"이 결정은 기준 내에서 이루어졌으며, 점수는 0.411입니다."
core7_04_1767776352,B_GOVERNED,antibody_C,12,0.2306569664902998,0.9,0.139563492063492,0.4132411816578483,LOW,core9_03_v1,False,0,,,,True,NONE,REASON_WITHIN_BOUNDS,5,core9_04_v1,MONITOR,REASON_WITHIN_GOVERNANCE_BOUNDS,0.2306569664902998,NONE,REASON_WITHIN_BOUNDS,0.4132411816578483,"이 결정은 기준 내에 있으며, 점수는 0.413입니다."
core7_04_1767776352,B_GOVERNED,antibody_C,13,0.0925,1.0,0.114563492063492,0.3691626984126984,LOW,core9_03_v1,False,0,,,,True,NONE,REASON_WITHIN_BOUNDS,5,core9_04_v1,MONITOR,REASON_WITHIN_GOVERNANCE_BOUNDS,0.0925,NONE,REASON_WITHIN_BOUNDS,0.3691626984126984,"이 결정은 기준 내에 있으며, 점수는 0.369로 평가되었습니다."
core7_04_1767776352,B_GOVERNED,antibody_C,14,0.0875,0.0,0.094563492063492,0.0626626984126983,NONE,core9_03_v1,False,0,,,,True,NONE,REASON_WITHIN_BOUNDS,5,core9_04_v1,MONITOR,REASON_WITHIN_GOVERNANCE_BOUNDS,0.0875,NONE,REASON_WITHIN_BOUNDS,0.0626626984126983,"이 결정은 기준 내에 있으며, 점수는 0.063입니다."
core7_04_1767776352,B_GOVERNED,antibody_C,15,0.0825,0.0,0.0778968253968254,0.056829365079365,NONE,core9_03_v1,False,0,,,,True,NONE,REASON_WITHIN_BOUNDS,5,core9_04_v1,MONITOR,REASON_WITHIN_GOVERNANCE_BOUNDS,0.0825,NONE,REASON_WITHIN_BOUNDS,0.056829365079365,"이 결정은 기준 내에 있으며, 점수는 0.057로 평가되었습니다."
core7_04_1767776352,B_GOVERNED,antibody_C,16,0.0775,0.0,0.0636111111111111,0.0514722222222222,NONE,core9_03_v1,False,0,,,,True,NONE,REASON_WITHIN_BOUNDS,5,core9_04_v1,MONITOR,REASON_WITHIN_GOVERNANCE_BOUNDS,0.0775,NONE,REASON_WITHIN_BOUNDS,0.0514722222222222,"이 결정은 기준 내에 있으며, 점수는 0.051로 나타났습니다."
core7_04_1767776352,B_GOVERNED,antibody_C,17,0.0725,0.0,0.0511111111111111,0.0464722222222222,NONE,core9_03_v1,False,0,,,,True,NONE,REASON_WITHIN_BOUNDS,5,core9_04_v1,MONITOR,REASON_WITHIN_GOVERNANCE_BOUNDS,0.0725,NONE,REASON_WITHIN_BOUNDS,0.0464722222222222,"이 결정은 기준 내에 있으며, 점수는 0.046입니다."
core7_04_1767776352,B_GOVERNED,antibody_C,18,0.2423236331569665,0.0,0.05,0.1311618165784832,NONE,core9_03_v1,False,0,,,,True,NONE,REASON_WITHIN_BOUNDS,5,core9_04_v1,MONITOR,REASON_WITHIN_GOVERNANCE_BOUNDS,0.2423236331569665,NONE,REASON_WITHIN_BOUNDS,0.1311618165784832,"이 결정은 기준 내에 있으며, 점수는 0.131로 평가되었습니다."
core7_04_1767776352,B_GOVERNED,antibody_C,19,0.2573853615520282,0.0,0.05,0.1386926807760141,NONE,core9_03_v1,False,0,,,,True,NONE,REASON_WITHIN_BOUNDS,5,core9_04_v1,MONITOR,REASON_WITHIN_GOVERNANCE_BOUNDS,0.2573853615520282,NONE,REASON_WITHIN_BOUNDS,0.1386926807760141,"이 결정은 기준 내에 있으며, 점수는 0.139로 평가되었습니다."
core7_04_1767776352,B_GOVERNED,antibody_C,20,0.2588853615520282,0.0,0.05,0.1394426807760141,NONE,core9_03_v1,False,0,,,,True,NONE,REASON_WITHIN_BOUNDS,5,core9_04_v1,MONITOR,REASON_WITHIN_GOVERNANCE_BOUNDS,0.2588853615520282,NONE,REASON_WITHIN_BOUNDS,0.1394426807760141,"이 결정은 기준 내에서 이루어졌으며, 점수는 0.139로 평가되었습니다."
core7_04_1767776352,B_GOVERNED,antibody_C,21,0.4417089947089947,0.0,0.06,0.2328544973544973,NONE,core9_03_v1,False,0,,,,True,NONE,REASON_WITHIN_BOUNDS,5,core9_04_v1,PARTIAL_SEAL,REASON_PARTIAL_SEAL_THRESHOLD,0.4417089947089947,NONE,REASON_WITHIN_BOUNDS,0.2328544973544973,"이 결정은 기준 내에 있으며, 점수는 0.233으로 평가되었습니다."
core7_04_1767776352,B_GOVERNED,antibody_C,22,0.4697707231040564,0.0,0.07,0.2488853615520282,NONE,core9_03_v1,False,0,,,,True,NONE,REASON_WITHIN_BOUNDS,5,core9_04_v1,PARTIAL_SEAL,REASON_PARTIAL_SEAL_THRESHOLD,0.4697707231040564,NONE,REASON_WITHIN_BOUNDS,0.2488853615520282,"이 결정은 기준 내에 있으며, 점수는 0.249로 평가되었습니다."
core7_04_1767776352,B_GOVERNED,antibody_C,23,0.4777707231040565,0.0,0.09,0.2568853615520282,NONE,core9_03_v1,False,0,,,,True,NONE,REASON_WITHIN_BOUNDS,5,core9_04_v1,PARTIAL_SEAL,REASON_PARTIAL_SEAL_THRESHOLD,0.4777707231040565,NONE,REASON_WITHIN_BOUNDS,0.2568853615520282,"이 결정은 기준 내에 있으며, 점수는 0.257로 평가되었습니다."
core7_04_1767776352,B_GOVERNED,antibody_C,24,0.4922707231040564,0.0,0.11,0.2681353615520282,NONE,core9_03_v1,False,0,,,,True,NONE,REASON_WITHIN_BOUNDS,5,core9_04_v1,PARTIAL_SEAL,REASON_PARTIAL_SEAL_THRESHOLD,0.4922707231040564,NONE,REASON_WITHIN_BOUNDS,0.2681353615520282,"이 결정은 기준 내에 있으며, 점수는 0.268로 평가되었습니다."
core7_04_1767776352,B_GOVERNED,antibody_C,25,0.5067707231040565,0.0,0.13,0.2793853615520282,NONE,core9_03_v1,False,0,,,,True,NONE,REASON_WITHIN_BOUNDS,5,core9_04_v1,PARTIAL_SEAL,REASON_PARTIAL_SEAL_THRESHOLD,0.5067707231040565,NONE,REASON_WITHIN_BOUNDS,0.2793853615520282,"이 결정은 기준 내에 있으며, 점수는 0.279로 평가되었습니다."
core7_04_1767776352,B_GOVERNED,antibody_C,26,0.5212707231040565,0.0,0.15,0.2906353615520283,NONE,core9_03_v1,False,0,,,,True,NONE,REASON_WITHIN_BOUNDS,5,core9_04_v1,PARTIAL_SEAL,REASON_PARTIAL_SEAL_THRESHOLD,0.5212707231040565,NONE,REASON_WITHIN_BOUNDS,0.2906353615520283,"이 결정은 기준 내에 있으며, 점수는 0.291로 평가되었습니다."
core7_04_1767776352,B_GOVERNED,antibody_C,27,0.474042328042328,0.0,0.17,0.271021164021164,NONE,core9_03_v1,False,0,,,,True,NONE,REASON_WITHIN_BOUNDS,5,core9_04_v1,PARTIAL_SEAL,REASON_PARTIAL_SEAL_THRESHOLD,0.474042328042328,NONE,REASON_WITHIN_BOUNDS,0.271021164021164,"이 결정은 기준 내에 있으며, 점수는 0.271로 평가되었습니다."
core7_04_1767776352,B_GOVERNED,antibody_C,28,0.3553853615520282,0.0,0.1699999999999999,0.211692680776014,NONE,core9_03_v1,False,0,,,,True,NONE,REASON_WITHIN_BOUNDS,5,core9_04_v1,MONITOR,REASON_WITHIN_GOVERNANCE_BOUNDS,0.3553853615520282,NONE,REASON_WITHIN_BOUNDS,0.211692680776014,"이 결정은 기준 내에 있으며, 점수는 0.212로 평가되었습니다."
core7_04_1767776352,B_GOVERNED,antibody_C,29,0.3698853615520283,0.0,0.17,0.2189426807760141,NONE,core9_03_v1,False,0,,,,True,NONE,REASON_WITHIN_BOUNDS,5,core9_04_v1,MONITOR,REASON_WITHIN_GOVERNANCE_BOUNDS,0.3698853615520283,NONE,REASON_WITHIN_BOUNDS,0.2189426807760141,"이 결정은 기준 내에 있으며, 점수는 0.219로 평가되었습니다."
