step,mutation_id,mutation_type,mutation_pos,from_aa,to_aa,sequence_before,sequence_after,antibody_key,candidate_group
1,GDPa1-001_mut0_1,substitution,62,P,K,EAKIIFEVDWQCADHITYAVHVQIRWKAGQMKFHMEDPENNYKCRVEPDVLYNWHDCILDIEPKRNGNNHKDYGVIGRPKVIMCICMPKDHWMHSPRFKFIVVKWQWPNIFTSDCEFGQY,EAKIIFEVDWQCADHITYAVHVQIRWKAGQMKFHMEDPENNYKCRVEPDVLYNWHDCILDIEKKRNGNNHKDYGVIGRPKVIMCICMPKDHWMHSPRFKFIVVKWQWPNIFTSDCEFGQY,GDPa1-001,A_boundary
5,GDPa1-001_mut1_5,substitution,106,W,N,EAKIIFEVDWQCADHITYAVHVQIRWKAGQMKFHMEDPENNYKCRVEPDVLYNWHDCILDIEPKRNGNNHKDYGVIGRPKVIMCICMPKDHWMHSPRFKFIVVKWQWPNIFTSDCEFGQY,EAKIIFEVDWQCADHITYAVHVQIRWKAGQMKFHMEDPENNYKCRVEPDVLYNWHDCILDIEPKRNGNNHKDYGVIGRPKVIMCICMPKDHWMHSPRFKFIVVKWQNPNIFTSDCEFGQY,GDPa1-001,A_boundary
6,GDPa1-001_mut2_6,substitution,39,N,P,EAKIIFEVDWQCADHITYAVHVQIRWKAGQMKFHMEDPENNYKCRVEPDVLYNWHDCILDIEPKRNGNNHKDYGVIGRPKVIMCICMPKDHWMHSPRFKFIVVKWQWPNIFTSDCEFGQY,EAKIIFEVDWQCADHITYAVHVQIRWKAGQMKFHMEDPEPNYKCRVEPDVLYNWHDCILDIEPKRNGNNHKDYGVIGRPKVIMCICMPKDHWMHSPRFKFIVVKWQWPNIFTSDCEFGQY,GDPa1-001,A_boundary
7,GDPa1-001_mut1_7,substitution,115,E,P,EAKIIFEVDWQCADHITYAVHVQIRWKAGQMKFHMEDPENNYKCRVEPDVLYNWHDCILDIEPKRNGNNHKDYGVIGRPKVIMCICMPKDHWMHSPRFKFIVVKWQWPNIFTSDCEFGQY,EAKIIFEVDWQCADHITYAVHVQIRWKAGQMKFHMEDPENNYKCRVEPDVLYNWHDCILDIEPKRNGNNHKDYGVIGRPKVIMCICMPKDHWMHSPRFKFIVVKWQWPNIFTSDCPFGQY,GDPa1-001,A_boundary
12,GDPa1-001_mut1_12,substitution,100,I,E,EAKIIFEVDWQCADHITYAVHVQIRWKAGQMKFHMEDPENNYKCRVEPDVLYNWHDCILDIEPKRNGNNHKDYGVIGRPKVIMCICMPKDHWMHSPRFKFIVVKWQWPNIFTSDCEFGQY,EAKIIFEVDWQCADHITYAVHVQIRWKAGQMKFHMEDPENNYKCRVEPDVLYNWHDCILDIEPKRNGNNHKDYGVIGRPKVIMCICMPKDHWMHSPRFKFEVVKWQWPNIFTSDCEFGQY,GDPa1-001,A_boundary
15,GDPa1-001_mut2_15,substitution,35,E,D,EAKIIFEVDWQCADHITYAVHVQIRWKAGQMKFHMEDPENNYKCRVEPDVLYNWHDCILDIEPKRNGNNHKDYGVIGRPKVIMCICMPKDHWMHSPRFKFIVVKWQWPNIFTSDCEFGQY,EAKIIFEVDWQCADHITYAVHVQIRWKAGQMKFHMDDPENNYKCRVEPDVLYNWHDCILDIEPKRNGNNHKDYGVIGRPKVIMCICMPKDHWMHSPRFKFIVVKWQWPNIFTSDCEFGQY,GDPa1-001,A_boundary
16,GDPa1-001_mut1_16,substitution,44,R,V,EAKIIFEVDWQCADHITYAVHVQIRWKAGQMKFHMEDPENNYKCRVEPDVLYNWHDCILDIEPKRNGNNHKDYGVIGRPKVIMCICMPKDHWMHSPRFKFIVVKWQWPNIFTSDCEFGQY,EAKIIFEVDWQCADHITYAVHVQIRWKAGQMKFHMEDPENNYKCVVEPDVLYNWHDCILDIEPKRNGNNHKDYGVIGRPKVIMCICMPKDHWMHSPRFKFIVVKWQWPNIFTSDCEFGQY,GDPa1-001,A_boundary
18,GDPa1-001_mut0_18,substitution,33,H,C,EAKIIFEVDWQCADHITYAVHVQIRWKAGQMKFHMEDPENNYKCRVEPDVLYNWHDCILDIEPKRNGNNHKDYGVIGRPKVIMCICMPKDHWMHSPRFKFIVVKWQWPNIFTSDCEFGQY,EAKIIFEVDWQCADHITYAVHVQIRWKAGQMKFCMEDPENNYKCRVEPDVLYNWHDCILDIEPKRNGNNHKDYGVIGRPKVIMCICMPKDHWMHSPRFKFIVVKWQWPNIFTSDCEFGQY,GDPa1-001,A_boundary
19,GDPa1-001_mut2_19,substitution,115,E,Y,EAKIIFEVDWQCADHITYAVHVQIRWKAGQMKFHMEDPENNYKCRVEPDVLYNWHDCILDIEPKRNGNNHKDYGVIGRPKVIMCICMPKDHWMHSPRFKFIVVKWQWPNIFTSDCEFGQY,EAKIIFEVDWQCADHITYAVHVQIRWKAGQMKFHMEDPENNYKCRVEPDVLYNWHDCILDIEPKRNGNNHKDYGVIGRPKVIMCICMPKDHWMHSPRFKFIVVKWQWPNIFTSDCYFGQY,GDPa1-001,A_boundary
1,GDPa1-045_mut0_1,substitution,118,R,W,DPPYRTKVAEVKMELQGRAKTGTELTYHFNGVTAYMSAENLICIWDDSDVFFSVGKTYQHVHLPNRTREIIDMAWVIWIADCIDCMDTIKSHVFWWSISQHEEQNQQRCECPMEIHHVRF,DPPYRTKVAEVKMELQGRAKTGTELTYHFNGVTAYMSAENLICIWDDSDVFFSVGKTYQHVHLPNRTREIIDMAWVIWIADCIDCMDTIKSHVFWWSISQHEEQNQQRCECPMEIHHVWF,GDPa1-045,B_conflict
2,GDPa1-045_mut0_2,substitution,8,A,N,DPPYRTKVAEVKMELQGRAKTGTELTYHFNGVTAYMSAENLICIWDDSDVFFSVGKTYQHVHLPNRTREIIDMAWVIWIADCIDCMDTIKSHVFWWSISQHEEQNQQRCECPMEIHHVRF,DPPYRTKVNEVKMELQGRAKTGTELTYHFNGVTAYMSAENLICIWDDSDVFFSVGKTYQHVHLPNRTREIIDMAWVIWIADCIDCMDTIKSHVFWWSISQHEEQNQQRCECPMEIHHVRF,GDPa1-045,B_conflict
5,GDPa1-045_mut1_5,substitution,85,M,Q,DPPYRTKVAEVKMELQGRAKTGTELTYHFNGVTAYMSAENLICIWDDSDVFFSVGKTYQHVHLPNRTREIIDMAWVIWIADCIDCMDTIKSHVFWWSISQHEEQNQQRCECPMEIHHVRF,DPPYRTKVAEVKMELQGRAKTGTELTYHFNGVTAYMSAENLICIWDDSDVFFSVGKTYQHVHLPNRTREIIDMAWVIWIADCIDCQDTIKSHVFWWSISQHEEQNQQRCECPMEIHHVRF,GDPa1-045,B_conflict
9,GDPa1-045_mut0_9,substitution,65,R,T,DPPYRTKVAEVKMELQGRAKTGTELTYHFNGVTAYMSAENLICIWDDSDVFFSVGKTYQHVHLPNRTREIIDMAWVIWIADCIDCMDTIKSHVFWWSISQHEEQNQQRCECPMEIHHVRF,DPPYRTKVAEVKMELQGRAKTGTELTYHFNGVTAYMSAENLICIWDDSDVFFSVGKTYQHVHLPNTTREIIDMAWVIWIADCIDCMDTIKSHVFWWSISQHEEQNQQRCECPMEIHHVRF,GDPa1-045,B_conflict
10,GDPa1-045_mut2_10,substitution,11,K,I,DPPYRTKVAEVKMELQGRAKTGTELTYHFNGVTAYMSAENLICIWDDSDVFFSVGKTYQHVHLPNRTREIIDMAWVIWIADCIDCMDTIKSHVFWWSISQHEEQNQQRCECPMEIHHVRF,DPPYRTKVAEVIMELQGRAKTGTELTYHFNGVTAYMSAENLICIWDDSDVFFSVGKTYQHVHLPNRTREIIDMAWVIWIADCIDCMDTIKSHVFWWSISQHEEQNQQRCECPMEIHHVRF,GDPa1-045,B_conflict
11,GDPa1-045_mut1_11,substitution,28,F,I,DPPYRTKVAEVKMELQGRAKTGTELTYHFNGVTAYMSAENLICIWDDSDVFFSVGKTYQHVHLPNRTREIIDMAWVIWIADCIDCMDTIKSHVFWWSISQHEEQNQQRCECPMEIHHVRF,DPPYRTKVAEVKMELQGRAKTGTELTYHINGVTAYMSAENLICIWDDSDVFFSVGKTYQHVHLPNRTREIIDMAWVIWIADCIDCMDTIKSHVFWWSISQHEEQNQQRCECPMEIHHVRF,GDPa1-045,B_conflict
12,GDPa1-045_mut1_12,substitution,60,V,D,DPPYRTKVAEVKMELQGRAKTGTELTYHFNGVTAYMSAENLICIWDDSDVFFSVGKTYQHVHLPNRTREIIDMAWVIWIADCIDCMDTIKSHVFWWSISQHEEQNQQRCECPMEIHHVRF,DPPYRTKVAEVKMELQGRAKTGTELTYHFNGVTAYMSAENLICIWDDSDVFFSVGKTYQHDHLPNRTREIIDMAWVIWIADCIDCMDTIKSHVFWWSISQHEEQNQQRCECPMEIHHVRF,GDPa1-045,B_conflict
13,GDPa1-045_mut0_13,substitution,113,E,Y,DPPYRTKVAEVKMELQGRAKTGTELTYHFNGVTAYMSAENLICIWDDSDVFFSVGKTYQHVHLPNRTREIIDMAWVIWIADCIDCMDTIKSHVFWWSISQHEEQNQQRCECPMEIHHVRF,DPPYRTKVAEVKMELQGRAKTGTELTYHFNGVTAYMSAENLICIWDDSDVFFSVGKTYQHVHLPNRTREIIDMAWVIWIADCIDCMDTIKSHVFWWSISQHEEQNQQRCECPMYIHHVRF,GDPa1-045,B_conflict
14,GDPa1-045_mut2_14,substitution,114,I,E,DPPYRTKVAEVKMELQGRAKTGTELTYHFNGVTAYMSAENLICIWDDSDVFFSVGKTYQHVHLPNRTREIIDMAWVIWIADCIDCMDTIKSHVFWWSISQHEEQNQQRCECPMEIHHVRF,DPPYRTKVAEVKMELQGRAKTGTELTYHFNGVTAYMSAENLICIWDDSDVFFSVGKTYQHVHLPNRTREIIDMAWVIWIADCIDCMDTIKSHVFWWSISQHEEQNQQRCECPMEEHHVRF,GDPa1-045,B_conflict
16,GDPa1-045_mut0_16,substitution,59,H,C,DPPYRTKVAEVKMELQGRAKTGTELTYHFNGVTAYMSAENLICIWDDSDVFFSVGKTYQHVHLPNRTREIIDMAWVIWIADCIDCMDTIKSHVFWWSISQHEEQNQQRCECPMEIHHVRF,DPPYRTKVAEVKMELQGRAKTGTELTYHFNGVTAYMSAENLICIWDDSDVFFSVGKTYQCVHLPNRTREIIDMAWVIWIADCIDCMDTIKSHVFWWSISQHEEQNQQRCECPMEIHHVRF,GDPa1-045,B_conflict
17,GDPa1-045_mut2_17,substitution,85,M,V,DPPYRTKVAEVKMELQGRAKTGTELTYHFNGVTAYMSAENLICIWDDSDVFFSVGKTYQHVHLPNRTREIIDMAWVIWIADCIDCMDTIKSHVFWWSISQHEEQNQQRCECPMEIHHVRF,DPPYRTKVAEVKMELQGRAKTGTELTYHFNGVTAYMSAENLICIWDDSDVFFSVGKTYQHVHLPNRTREIIDMAWVIWIADCIDCVDTIKSHVFWWSISQHEEQNQQRCECPMEIHHVRF,GDPa1-045,B_conflict
18,GDPa1-045_mut2_18,substitution,78,I,V,DPPYRTKVAEVKMELQGRAKTGTELTYHFNGVTAYMSAENLICIWDDSDVFFSVGKTYQHVHLPNRTREIIDMAWVIWIADCIDCMDTIKSHVFWWSISQHEEQNQQRCECPMEIHHVRF,DPPYRTKVAEVKMELQGRAKTGTELTYHFNGVTAYMSAENLICIWDDSDVFFSVGKTYQHVHLPNRTREIIDMAWVIWVADCIDCMDTIKSHVFWWSISQHEEQNQQRCECPMEIHHVRF,GDPa1-045,B_conflict
19,GDPa1-045_mut1_19,substitution,57,Y,G,DPPYRTKVAEVKMELQGRAKTGTELTYHFNGVTAYMSAENLICIWDDSDVFFSVGKTYQHVHLPNRTREIIDMAWVIWIADCIDCMDTIKSHVFWWSISQHEEQNQQRCECPMEIHHVRF,DPPYRTKVAEVKMELQGRAKTGTELTYHFNGVTAYMSAENLICIWDDSDVFFSVGKTGQHVHLPNRTREIIDMAWVIWIADCIDCMDTIKSHVFWWSISQHEEQNQQRCECPMEIHHVRF,GDPa1-045,B_conflict
20,GDPa1-045_mut2_20,substitution,107,R,K,DPPYRTKVAEVKMELQGRAKTGTELTYHFNGVTAYMSAENLICIWDDSDVFFSVGKTYQHVHLPNRTREIIDMAWVIWIADCIDCMDTIKSHVFWWSISQHEEQNQQRCECPMEIHHVRF,DPPYRTKVAEVKMELQGRAKTGTELTYHFNGVTAYMSAENLICIWDDSDVFFSVGKTYQHVHLPNRTREIIDMAWVIWIADCIDCMDTIKSHVFWWSISQHEEQNQQKCECPMEIHHVRF,GDPa1-045,B_conflict
1,GDPa1-183_mut1_1,substitution,62,Y,I,QGKRIDRVECVADIGQSSHPCGPAPKRLQVSFHLHCWVCMCCWSTTGCTDGDYDIPEWIWYCYDQWWTMKHMIKPFLRMDARYWEDVHTKFNDINLGRVLYTAVLEFKEEVFKLYHMHKT,QGKRIDRVECVADIGQSSHPCGPAPKRLQVSFHLHCWVCMCCWSTTGCTDGDYDIPEWIWYCIDQWWTMKHMIKPFLRMDARYWEDVHTKFNDINLGRVLYTAVLEFKEEVFKLYHMHKT,GDPa1-183,C_obvious_risk
9,GDPa1-183_mut1_9,substitution,62,Y,I,QGKRIDRVECVADIGQSSHPCGPAPKRLQVSFHLHCWVCMCCWSTTGCTDGDYDIPEWIWYCYDQWWTMKHMIKPFLRMDARYWEDVHTKFNDINLGRVLYTAVLEFKEEVFKLYHMHKT,QGKRIDRVECVADIGQSSHPCGPAPKRLQVSFHLHCWVCMCCWSTTGCTDGDYDIPEWIWYCIDQWWTMKHMIKPFLRMDARYWEDVHTKFNDINLGRVLYTAVLEFKEEVFKLYHMHKT,GDPa1-183,C_obvious_risk
14,GDPa1-183_mut0_14,substitution,23,A,D,QGKRIDRVECVADIGQSSHPCGPAPKRLQVSFHLHCWVCMCCWSTTGCTDGDYDIPEWIWYCYDQWWTMKHMIKPFLRMDARYWEDVHTKFNDINLGRVLYTAVLEFKEEVFKLYHMHKT,QGKRIDRVECVADIGQSSHPCGPDPKRLQVSFHLHCWVCMCCWSTTGCTDGDYDIPEWIWYCYDQWWTMKHMIKPFLRMDARYWEDVHTKFNDINLGRVLYTAVLEFKEEVFKLYHMHKT,GDPa1-183,C_obvious_risk
15,GDPa1-183_mut2_15,substitution,35,C,R,QGKRIDRVECVADIGQSSHPCGPAPKRLQVSFHLHCWVCMCCWSTTGCTDGDYDIPEWIWYCYDQWWTMKHMIKPFLRMDARYWEDVHTKFNDINLGRVLYTAVLEFKEEVFKLYHMHKT,QGKRIDRVECVADIGQSSHPCGPAPKRLQVSFHLHRWVCMCCWSTTGCTDGDYDIPEWIWYCYDQWWTMKHMIKPFLRMDARYWEDVHTKFNDINLGRVLYTAVLEFKEEVFKLYHMHKT,GDPa1-183,C_obvious_risk
16,GDPa1-183_mut1_16,substitution,60,Y,A,QGKRIDRVECVADIGQSSHPCGPAPKRLQVSFHLHCWVCMCCWSTTGCTDGDYDIPEWIWYCYDQWWTMKHMIKPFLRMDARYWEDVHTKFNDINLGRVLYTAVLEFKEEVFKLYHMHKT,QGKRIDRVECVADIGQSSHPCGPAPKRLQVSFHLHCWVCMCCWSTTGCTDGDYDIPEWIWACYDQWWTMKHMIKPFLRMDARYWEDVHTKFNDINLGRVLYTAVLEFKEEVFKLYHMHKT,GDPa1-183,C_obvious_risk
18,GDPa1-183_mut1_18,substitution,31,F,I,QGKRIDRVECVADIGQSSHPCGPAPKRLQVSFHLHCWVCMCCWSTTGCTDGDYDIPEWIWYCYDQWWTMKHMIKPFLRMDARYWEDVHTKFNDINLGRVLYTAVLEFKEEVFKLYHMHKT,QGKRIDRVECVADIGQSSHPCGPAPKRLQVSIHLHCWVCMCCWSTTGCTDGDYDIPEWIWYCYDQWWTMKHMIKPFLRMDARYWEDVHTKFNDINLGRVLYTAVLEFKEEVFKLYHMHKT,GDPa1-183,C_obvious_risk
