Antibody,Chain,CDR,CDR_length,CDR_aromatic_ratio,CDR_sequence
Antibody_A,VH,CDR1,8,0.375,GYTFTNYG
Antibody_A,VH,CDR2,8,0.125,INTYTGEP
Antibody_A,VH,CDR3,17,0.353,AKYPHYYKKSKHWYFDV
Antibody_A,VL,CDR1,6,0.167,QDISNY
Antibody_A,VL,CDR2,3,0.333,FTS
Antibody_A,VL,CDR3,9,0.222,KQYKTLPWT
Antibody_B,VH,CDR1,8,0.125,GIVFSNSG
Antibody_B,VH,CDR2,8,0.25,IWYDGSKR
Antibody_B,VH,CDR3,10,0.2,AKDGTYAMDF
Antibody_B,VL,CDR1,6,0.167,QSVSSY
Antibody_B,VL,CDR2,3,0.0,DAS
Antibody_B,VL,CDR3,10,0.2,QQYGSSPRWA
Antibody_C,VH,CDR1,8,0.375,GYTFTSYN
Antibody_C,VH,CDR2,8,0.125,IYPGNGDT
Antibody_C,VH,CDR3,14,0.214,ARKTEDGGDWYFNV
Antibody_C,VL,CDR1,5,0.2,SSVSY
Antibody_C,VL,CDR2,3,0.0,ATS
Antibody_C,VL,CDR3,9,0.0,QQETEDPPT
