Antibody,Chain,CDR,Sequence
Antibody_A,VH,CDR1,GYTFTNYG
Antibody_A,VH,CDR2,INTYTGEP
Antibody_A,VH,CDR3,AKYPHYYKKSKHWYFDV
Antibody_A,VL,CDR1,QDISNY
Antibody_A,VL,CDR2,FTS
Antibody_A,VL,CDR3,KQYKTLPWT
Antibody_B,VH,CDR1,GIVFSNSG
Antibody_B,VH,CDR2,IWYDGSKR
Antibody_B,VH,CDR3,AKDGTYAMDF
Antibody_B,VL,CDR1,QSVSSY
Antibody_B,VL,CDR2,DAS
Antibody_B,VL,CDR3,QQYGSSPRWA
Antibody_C,VH,CDR1,GYTFTSYN
Antibody_C,VH,CDR2,IYPGNGDT
Antibody_C,VH,CDR3,ARKTEDGGDWYFNV
Antibody_C,VL,CDR1,SSVSY
Antibody_C,VL,CDR2,ATS
Antibody_C,VL,CDR3,QQETEDPPT
