Antibody,Chain,Position,Original,Suggested,pI_before,pI_after,Delta_pI,Charge_pH7_before,Charge_pH7_after,Delta_charge,Prediction_type,Reason
Antibody_A,VH,28,Y,S,9.26,9.26,0.0,5.98,5.98,0.0,Quantitative,Reduce aromatic-driven self-association (CDR-H3)
Antibody_A,VH,30,F,L,9.26,9.26,0.0,5.98,5.98,0.0,Quantitative,Reduce aromatic-driven self-association (CDR-H3)
Antibody_A,VH,37,Y,S,9.26,9.26,0.0,5.98,5.98,0.0,Quantitative,Reduce aromatic-driven self-association (CDR-H3)
Antibody_A,VH,59,Y,S,9.26,9.26,0.0,5.98,5.98,0.0,Quantitative,Reduce aromatic-driven self-association (CDR-H3)
Antibody_A,VH,107,Y,S,9.26,9.15,-0.11,5.98,4.98,-1.0,Quantitative,Reduce aromatic-driven self-association (CDR-H3)
Antibody_A,VH,110,Y,S,9.26,9.28,0.02,5.98,5.98,0.0,Quantitative,Reduce aromatic-driven self-association (CDR-H3)
Antibody_A,VH,111,Y,S,9.26,9.26,0.0,5.98,5.98,0.0,Quantitative,Reduce aromatic-driven self-association (CDR-H3)
Antibody_A,VH,113,W,H,9.26,9.26,0.0,5.98,6.07,0.09,Quantitative,Reduce aromatic-driven self-association (CDR-H3)
Antibody_A,VH,114,Y,S,9.26,9.26,0.0,5.98,5.98,0.0,Quantitative,Reduce aromatic-driven self-association (CDR-H3)
Antibody_A,VH,115,F,L,9.26,9.26,0.0,5.98,5.98,0.0,Quantitative,Reduce aromatic-driven self-association (CDR-H3)
Antibody_B,VH,6,V,S,9.37,9.37,0.0,3.83,3.83,0.0,Quantitative,Break hydrophobic framework hotspot (viscosity risk)
Antibody_B,VH,10,A,S,9.37,9.37,0.0,3.83,3.83,0.0,Quantitative,Break hydrophobic framework hotspot (viscosity risk)
Antibody_B,VH,17,L,S,9.37,9.37,0.0,3.83,3.83,0.0,Quantitative,Break hydrophobic framework hotspot (viscosity risk)
Antibody_B,VH,46,L,S,9.37,9.37,0.0,3.83,3.83,0.0,Quantitative,Break hydrophobic framework hotspot (viscosity risk)
Antibody_B,VH,50,V,S,9.37,9.37,0.0,3.83,3.83,0.0,Quantitative,Break hydrophobic framework hotspot (viscosity risk)
Antibody_B,VH,79,L,S,9.37,9.37,0.0,3.83,3.83,0.0,Quantitative,Break hydrophobic framework hotspot (viscosity risk)
Antibody_B,VL,3,V,S,7.99,7.99,0.0,0.74,0.74,0.0,Quantitative,Break hydrophobic framework hotspot (viscosity risk)
Antibody_B,VL,18,L,S,7.99,7.99,0.0,0.74,0.74,0.0,Quantitative,Break hydrophobic framework hotspot (viscosity risk)
Antibody_B,VL,47,L,S,7.99,7.99,0.0,0.74,0.74,0.0,Quantitative,Break hydrophobic framework hotspot (viscosity risk)
Antibody_B,VL,99,F,S,7.99,7.99,0.0,0.74,0.74,0.0,Quantitative,Break hydrophobic framework hotspot (viscosity risk)
Antibody_C,VH,55,NG,,,,,,,,Qualitative,Reduce deamidation / cleavage liability (motif-level change)
Antibody_C,VH,102,DG,DA,,,,,,,Qualitative,Reduce deamidation / cleavage liability (motif-level change)
Antibody_C,VH,57,D,N,7.92,8.56,0.63,0.83,1.83,1.0,Quantitative,Reduce acidic CDR liability (purification loss)
Antibody_C,VH,105,D,N,7.92,8.56,0.63,0.83,1.83,1.0,Quantitative,Reduce acidic CDR liability (purification loss)
